,url,headline,date,time
0,https://factcheck.afp.com/covid-19-vaccination-does-not-invalidate-us-life-insurance-policies,Covid-19 vaccination does not invalidate US life insurance policies,19-03-2021,18:51
1,https://factcheck.afp.com/biden-did-not-fake-comments-reporters-white-house-lawn,Biden did not fake comments to reporters on White House lawn,19-03-2021,00:10
2,https://factcheck.afp.com/pelicans-do-not-cool-down-pushing-spines-out-mouths,Pelicans do not cool down by pushing spines out of mouths,18-03-2021,17:38
3,https://factcheck.afp.com/us-border-authorities-apprehended-many-more-9000-people-2020,"US border authorities apprehended many more than 9,000 people in 2020",17-03-2021,23:22
4,https://factcheck.afp.com/boxing-great-haglers-death-not-linked-covid-19-vaccine,Boxing great Hagler’s death not linked to Covid-19 vaccine,17-03-2021,21:59
5,https://factcheck.afp.com/trump-falsely-claims-border-wall-almost-complete,Trump falsely claims border wall ‘almost complete’,17-03-2021,20:12
6,https://factcheck.afp.com/adult-trans-athlete-did-not-identify-teenager-play-basketball,Adult trans athlete did not identify as teenager to play basketball,16-03-2021,22:39
7,https://factcheck.afp.com/math-doesnt-add-claim-every-american-could-get-1-million-payment,Math doesn’t add up in claim every American could get $1 million payment,16-03-2021,19:20
8,https://factcheck.afp.com/covid-19-relief-act-does-not-include-bonus-us-lawmakers,Covid-19 relief act does not include bonus for US lawmakers,12-03-2021,19:59
9,https://factcheck.afp.com/article-misrepresents-cdc-study-mask-mandate-effectiveness,Article misrepresents CDC study on mask mandate effectiveness,12-03-2021,18:59
10,https://factcheck.afp.com/false-claim-about-covid-19-vaccine-causing-infertility-circulates-online,False claim about Covid-19 vaccine causing infertility circulates online,11-03-2021,22:55
11,https://factcheck.afp.com/misleading-posts-claim-us-covid-relief-plan-costs-every-american-5750,"Misleading posts claim US covid relief plan costs every American $5,750",11-03-2021,22:48
12,https://factcheck.afp.com/biden-did-not-cancel-ice-operation-targeting-sex-traffickers,Biden did not cancel ICE operation targeting sex traffickers,10-03-2021,18:54
13,https://factcheck.afp.com/potato-head-toys-dr-seuss-books-are-not-canceled,"Potato Head toys, Dr. Seuss’ books are not ‘canceled’",05-03-2021,22:59
0,https://factcheck.afp.com/purported-nazi-symbol-stokes-conspiracy-theory-about-cpac-us,Purported Nazi symbol stokes conspiracy theory about CPAC in US,05-03-2021,17:20
1,https://factcheck.afp.com/misleading-video-risks-charging-phone-spreads-worldwide,Misleading video on risks from charging phone spreads worldwide,04-03-2021,19:22
2,https://factcheck.afp.com/kentucky-monastery-covid-19-cases-not-evidence-vaccine-problems,Kentucky monastery Covid-19 cases not evidence of vaccine problems,03-03-2021,23:05
3,https://factcheck.afp.com/manipulated-photo-shows-evangelicals-worshipping-trump-statue,Manipulated photo shows evangelicals worshipping Trump statue,02-03-2021,23:00
4,https://factcheck.afp.com/pelosi-did-not-reject-appeals-troops-secure-us-capitol,Pelosi did not reject appeals for troops to secure US Capitol,03-03-2021,21:38
5,https://factcheck.afp.com/satirical-post-shared-belief-biden-pardoned-blm-protesters,Satirical post shared in belief Biden pardoned BLM protesters,26-02-2021,20:56
6,https://factcheck.afp.com/jill-and-joe-bidens-love-story-did-not-start-when-she-was-15,Jill and Joe Biden’s love story did not start when she was 15,25-02-2021,23:28
7,https://factcheck.afp.com/pelosi-does-not-fly-home-weekly-200-seat-jet,Pelosi does not fly home weekly on 200-seat jet,25-02-2021,20:24
8,https://factcheck.afp.com/us-government-did-not-block-texas-increasing-power-output,US government did not block Texas from increasing power output,25-02-2021,18:48
9,https://factcheck.afp.com/fake-ted-cruz-climate-change-tweet-spreads-after-mexico-trip,Fake Ted Cruz climate change tweet spreads after Mexico trip,22-02-2021,23:08
10,https://factcheck.afp.com/cdc-did-not-illegally-change-mortality-count-rules-inflate-covid-19-toll,"The CDC did not illegally change mortality count rules, inflate Covid-19 toll",22-02-2021,17:23
11,https://factcheck.afp.com/us-emergency-agency-not-providing-free-hotel-rooms-storm-hit-texas,US emergency agency is not providing free hotel rooms in storm-hit Texas,23-02-2021,21:58
12,https://factcheck.afp.com/incorrectly-dated-photos-used-warnings-climate-change,Incorrectly dated photos used in warnings on climate change,25-02-2021,22:12
13,https://factcheck.afp.com/german-solar-wind-power-did-not-fail-cold-weather,"German solar, wind power did not fail in cold weather",19-02-2021,21:24
14,https://factcheck.afp.com/photo-shows-helicopter-de-icing-wind-turbine-sweden-not-texas,"Photo shows helicopter de-icing wind turbine in Sweden, not Texas",19-02-2021,06:21
0,https://factcheck.afp.com/posts-falsely-claim-minority-jobless-rate-lowest-under-trump,Posts falsely claim minority jobless rate lowest under Trump,18-02-2021,21:42
1,https://factcheck.afp.com/miscarriage-reports-are-not-proof-covid-19-vaccine-danger-pregnancy,Miscarriage reports are not proof of Covid-19 vaccine danger to pregnancy,18-02-2021,20:23
2,https://factcheck.afp.com/texas-pastor-falsely-accused-failing-provide-shelter-cold,Texas pastor falsely accused of failing to provide shelter from cold,17-02-2021,21:54
3,https://factcheck.afp.com/covid-19-did-not-spare-us-amish-communities,Covid-19 did not spare US Amish communities,12-02-2021,22:38
4,https://factcheck.afp.com/us-rapper-pitbull-falsely-claims-covid-19-pandemic-was-planned,US rapper Pitbull falsely claims Covid-19 pandemic was planned,11-02-2021,22:01
5,https://factcheck.afp.com/gas-prices-renewed-crude-oil-demand-not-us-policy,"Gas prices up on renewed crude oil demand, not US policy",12-03-2021,20:43
6,https://factcheck.afp.com/ocasio-cortez-video-did-not-claim-she-was-us-capitol-during-riot,Ocasio-Cortez video did not claim she was in US Capitol during riot,11-02-2021,17:11
7,https://factcheck.afp.com/age-consent-not-lowered-biden-administration,Age of consent not lowered by Biden administration,10-02-2021,20:36
8,https://factcheck.afp.com/doctor-expired-license-falsely-claims-masks-dont-work,Doctor with expired license falsely claims masks don’t work,06-02-2021,20:36
9,https://factcheck.afp.com/after-trump-loss-us-vote-conspiracy-theory-shifts-myanmar,"After Trump loss, US vote conspiracy theory shifts to Myanmar",05-02-2021,18:50
10,https://factcheck.afp.com/reddit-did-not-shutter-forum-behind-gamestop-stock-spike,Reddit did not shutter forum behind GameStop stock spike,04-02-2021,06:05
11,https://factcheck.afp.com/trumps-insulin-order-frozen-not-scrapped-biden,"Trump’s insulin order frozen, not scrapped, by Biden",04-02-2021,19:34
12,https://factcheck.afp.com/us-military-did-not-arrest-two-thirds-congress,US military did not arrest two-thirds of Congress,03-02-2021,20:55
13,https://factcheck.afp.com/warren-buffett-did-not-donate-58-million-joe-bidens-campaign,Warren Buffett did not donate $58 million to Joe Biden’s campaign,02-02-2021,20:12
14,https://factcheck.afp.com/soybean-and-corn-price-drop-not-linked-bidens-executive-orders,Soybean and corn price drop not linked to Biden’s executive orders,27-01-2021,22:45
0,https://factcheck.afp.com/hall-famer-hank-aarons-death-unrelated-covid-19-vaccination,Hall of Famer Hank Aaron’s death unrelated to Covid-19 vaccination,28-01-2021,17:18
1,https://factcheck.afp.com/new-patriot-party-not-backed-trump,New ‘Patriot Party’ is not backed by Trump,27-01-2021,19:15
2,https://factcheck.afp.com/posts-inflate-job-losses-bidens-keystone-pipeline-reversal,Posts inflate job losses from Biden's Keystone pipeline reversal,02-02-2021,00:09
3,https://factcheck.afp.com/national-guard-troops-did-not-snub-biden-inauguration-day,National Guard troops did not snub Biden on Inauguration Day,22-01-2021,19:44
4,https://factcheck.afp.com/pelosi-not-us-marshals-service-custody,Pelosi is not in US Marshals Service custody,20-01-2021,22:38
5,https://factcheck.afp.com/us-marine-corps-commandant-did-not-berate-nancy-pelosi-over-inauguration-security,US Marine Corps commandant did not berate Nancy Pelosi over inauguration security,20-01-2021,18:42
6,https://factcheck.afp.com/video-does-not-show-trump-meeting-troops-us-capital,Video does not show Trump meeting troops in US capital,20-01-2021,17:48
7,https://factcheck.afp.com/impeachment-alone-does-not-remove-trumps-benefits,Impeachment alone does not remove Trump’s benefits,15-01-2021,21:02
8,https://factcheck.afp.com/quotes-us-democrats-falsely-characterized-calls-violence,Quotes from US Democrats falsely characterized as calls for violence,14-01-2021,00:32
9,https://factcheck.afp.com/domestic-terrorism-bill-does-not-target-maga-rallies,Domestic terrorism bill does not target MAGA rallies,13-01-2021,19:29
10,https://factcheck.afp.com/elite-us-forces-did-not-take-nancy-pelosis-laptop-during-capitol-chaos,Elite US forces did not take Nancy Pelosi’s laptop during Capitol chaos,13-01-2021,00:00
11,https://factcheck.afp.com/researchers-speech-used-mislead-about-covid-19-vaccine-safety,Researcher’s speech used to mislead about Covid-19 vaccine safety,19-01-2021,19:04
12,https://factcheck.afp.com/trump-did-not-invoke-insurrection-act,Trump did not invoke the Insurrection Act,12-01-2021,15:20
13,https://factcheck.afp.com/fake-nancy-pelosi-letter-circulates-online,Fake Nancy Pelosi letter circulates online,11-01-2021,22:09
14,https://factcheck.afp.com/trump-supporter-receives-death-threats-after-false-antifa-accusation,Trump supporter receives death threats after false Antifa accusation,12-01-2021,00:08
0,https://factcheck.afp.com/pence-still-follows-trump-twitter,Pence still follows Trump on Twitter,08-01-2021,18:27
1,https://factcheck.afp.com/georgia-runoff-counts-were-corrected-tv-are-not-evidence-fraud,"Georgia runoff counts were corrected on TV, are not evidence of fraud",07-01-2021,23:09
2,https://factcheck.afp.com/police-did-not-assist-antifa-during-us-capitol-assault,Police did not assist Antifa during US Capitol assault,07-01-2021,22:26
3,https://factcheck.afp.com/photo-shows-security-lincoln-memorial-not-us-capitol,"Photo shows security at Lincoln Memorial, not US Capitol",11-01-2021,15:32
4,https://factcheck.afp.com/trump-supporters-not-antifa-were-behind-us-capitol-chaos,"Trump supporters, not Antifa, were behind US Capitol chaos",11-01-2021,23:31
5,https://factcheck.afp.com/police-and-video-contradict-senators-claim-antifa-attack-his-home,Police and video contradict senator’s claim of Antifa attack on his home,06-01-2021,23:18
6,https://factcheck.afp.com/image-shows-new-york-pro-trump-parade-october,Image shows New York pro-Trump parade in October,06-01-2021,22:20
7,https://factcheck.afp.com/trump-makes-unfounded-claims-georgia-election-fraud,Trump makes unfounded claims of Georgia election fraud,05-01-2021,17:09
8,https://factcheck.afp.com/posts-falsely-claim-new-york-fire-tied-misprinted-ballots-cover,Posts falsely claim New York fire tied to misprinted ballots cover-up,30-12-2020,22:36
9,https://factcheck.afp.com/false-list-biden-accomplishments-circulates-online,False list of Biden accomplishments circulates online,29-12-2020,22:05
10,https://factcheck.afp.com/photo-man-trump-hat-does-not-show-nashville-bomber,Photo of man in Trump hat does not show Nashville bomber,28-12-2020,21:56
11,https://factcheck.afp.com/conspiracy-theory-links-false-claim-att-election-audit-bombing,Conspiracy theory links false claim of AT&T election audit to bombing,28-12-2020,19:04
12,https://factcheck.afp.com/needle-not-capped-when-pence-received-covid-19-vaccine,Needle not capped when Pence received Covid-19 vaccine,23-12-2020,17:25
13,https://factcheck.afp.com/report-alleging-election-fraud-michigan-county-baseless,Report alleging election fraud in Michigan county is ‘baseless’,21-12-2020,23:04
14,https://factcheck.afp.com/pelosi-pence-did-not-fake-covid-19-vaccinations-using-capped-needles,"Pelosi, Pence did not fake Covid-19 vaccinations using capped needles",23-12-2020,17:38
0,https://factcheck.afp.com/nurses-collapse-does-not-mean-covid-19-vaccines-are-unsafe,Nurse’s collapse does not mean Covid-19 vaccines are unsafe,21-12-2020,20:45
1,https://factcheck.afp.com/social-media-posts-inaccurately-compare-covid-19-vaccines-1950s-era-drug,Social media posts inaccurately compare Covid-19 vaccines to 1950s-era drug,18-12-2020,20:36
2,https://factcheck.afp.com/us-medical-association-did-not-change-stance-hydroxychloroquine-covid-19-treatment-0,US medical association did not change stance on hydroxychloroquine as Covid-19 treatment,17-12-2020,20:14
3,https://factcheck.afp.com/map-does-not-show-actual-results-2020-us-election,Map does not show ‘actual results’ of 2020 US election,15-12-2020,20:36
4,https://factcheck.afp.com/us-vaccine-injury-payouts-do-not-mean-immunization-unsafe,US vaccine injury payouts do not mean immunization is unsafe,15-12-2020,20:30
5,https://factcheck.afp.com/claims-nevada-voter-fraud-rejected-states-top-court,Claims of Nevada voter fraud rejected by state’s top court,11-12-2020,23:11
6,https://factcheck.afp.com/georgia-vote-counting-machines-were-not-rigged-give-biden-lead,Georgia vote-counting machines were not rigged to give Biden lead,11-12-2020,21:13
7,https://factcheck.afp.com/georgia-video-ballots-suitcases-does-not-show-election-fraud,Georgia video of ballots in suitcases does not show election fraud,10-12-2020,17:07
8,https://factcheck.afp.com/online-posts-minimize-covid-19s-deadly-impact-us,Online posts minimize Covid-19’s deadly impact in US,08-12-2020,23:08
9,https://factcheck.afp.com/video-dominion-voting-employee-georgia-does-not-show-election-fraud,Video of Dominion Voting employee in Georgia does not show election fraud,04-12-2020,23:08
10,https://factcheck.afp.com/campaign-crowd-photos-misleadingly-used-question-bidens-record-popular-vote,Campaign crowd photos misleadingly used to question Biden’s record popular vote,04-12-2020,20:59
11,https://factcheck.afp.com/no-obama-was-not-arrested-espionage,"No, Obama was not arrested for espionage",01-12-2020,22:00
12,https://factcheck.afp.com/misleading-claim-about-us-prescription-drug-prices-spreads-social-media,Misleading claim about US prescription drug prices spreads on social media,01-12-2020,20:24
13,https://factcheck.afp.com/posts-mislead-about-joe-bidens-president-elect-status,Posts mislead about Joe Biden’s president-elect status,26-11-2020,00:35
14,https://factcheck.afp.com/photo-biden-partying-pre-pandemic,Photo of Biden partying is pre-pandemic,24-11-2020,23:43
0,https://factcheck.afp.com/no-evidence-lawyers-claim-rigged-election-cost-trump-victory,No evidence for lawyer’s claim that ‘rigged’ election cost Trump victory,25-11-2020,17:37
1,https://factcheck.afp.com/aluminum-levels-vaccines-infants-are-safe,Aluminum levels in vaccines for infants are safe,24-11-2020,21:13
2,https://factcheck.afp.com/president-donald-trump-did-not-ask-africans-are-you-humans,"President Donald Trump did not ask Africans ""are you humans?""",27-11-2020,14:29
3,https://factcheck.afp.com/dominion-voting-servers-were-not-seized-germany,Dominion Voting servers were not seized in Germany,05-12-2020,20:41
4,https://factcheck.afp.com/scientists-warn-against-over-counter-coronavirus-cures,Scientists warn against over-the-counter coronavirus ‘cures’,20-11-2020,19:34
5,https://factcheck.afp.com/claims-pandemic-spike-suicides-are-not-backed-data,Claims of pandemic spike in suicides are not backed by data,20-11-2020,18:54
6,https://factcheck.afp.com/bidens-texas-campaign-director-was-not-arrested-election-fraud,Biden’s Texas campaign director was not arrested for election fraud,20-11-2020,15:15
7,https://factcheck.afp.com/video-shows-us-officers-recovering-discarded-amazon-packages-not-trashed-votes,"This video shows US officers recovering discarded Amazon packages, not trashed votes",19-11-2020,08:44
8,https://factcheck.afp.com/five-days-deadline-trump-claims-michigan-cannot-certify-vote,"Five days before deadline, Trump claims Michigan cannot certify vote",18-11-2020,23:56
9,https://factcheck.afp.com/team-trumps-dead-voters-georgia-3-falsehoods-1-truth,"Team Trump’s dead voters in Georgia: 3 falsehoods, 1 truth",17-11-2020,18:08
10,https://factcheck.afp.com/posts-mix-old-and-new-photos-falsely-inflate-pro-trump-rally-crowd,Posts mix old and new photos to falsely inflate pro-Trump rally crowd,18-11-2020,01:10
11,https://factcheck.afp.com/tweets-falsely-claim-photo-nazi-flag-pro-trump-march,Tweets falsely claim photo of Nazi flag is from pro-Trump March,15-11-2020,02:38
12,https://factcheck.afp.com/pfizers-role-operation-warp-speed-misconstrued-online,Pfizer’s role in Operation Warp Speed misconstrued online,14-11-2020,07:17
13,https://factcheck.afp.com/joe-biden-not-donald-trump-leads-electoral-college-votes,"Joe Biden, not Donald Trump, leads in Electoral College votes",13-11-2020,19:12
14,https://factcheck.afp.com/trump-spreads-false-claim-switched-deleted-votes,"Trump spreads false claim of of switched, deleted votes",13-11-2020,20:13
0,https://factcheck.afp.com/trump-homeland-security-did-not-watermark-ballots-fraud-sting,"Trump, Homeland Security did not watermark ballots in fraud sting",12-11-2020,06:16
1,https://factcheck.afp.com/claims-132000-likely-ineligible-georgia-ballots-are-baseless,"Claims of 132,000 likely ineligible Georgia ballots are 'baseless'",12-11-2020,17:06
2,https://factcheck.afp.com/old-us-election-map-misleads-voting-trend-2020-election,Old US election map misleads on voting trend in 2020 election,11-11-2020,03:58
3,https://factcheck.afp.com/wisconsin-poll-clerks-did-not-illegally-add-witness-addresses-mail-ballots,Wisconsin poll clerks did not illegally add witness addresses to mail-in ballots,10-11-2020,18:26
4,https://factcheck.afp.com/false-claims-dead-voter-michigan-sparked-clerical-error,False claims of dead voter in Michigan sparked by ‘clerical error’,09-11-2020,23:29
5,https://factcheck.afp.com/trump-campaign-spreads-doctored-image-cast-doubt-election-reporting,Trump campaign spreads doctored image to cast doubt on election reporting,10-11-2020,17:00
6,https://factcheck.afp.com/world-leaders-congratulate-biden-trump-tweets-he-won,"As world leaders congratulate Biden, Trump tweets he won",08-11-2020,01:47
7,https://factcheck.afp.com/michigan-county-vote-count-glitch-was-not-fraud,Michigan county vote count glitch was not fraud,08-11-2020,01:28
8,https://factcheck.afp.com/video-shows-legitimate-ballot-processing-not-fraud-pennsylvania,"Video shows legitimate ballot processing, not fraud, in Pennsylvania",07-11-2020,00:41
9,https://factcheck.afp.com/outdated-voter-registration-figures-fuel-false-fraud-claims,Outdated voter registration figures fuel false fraud claims,06-11-2020,23:09
10,https://factcheck.afp.com/detroit-lawsuit-2019-used-falsely-claim-2020-voter-fraud,Detroit lawsuit from 2019 used to falsely claim 2020 voter fraud,08-11-2020,21:00
11,https://factcheck.afp.com/trump-claims-us-election-was-rigged,Trump claims US election was rigged,06-11-2020,16:50
12,https://factcheck.afp.com/wisconsin-vote-surge-was-not-fraud,Wisconsin vote surge was not fraud,06-11-2020,00:31
13,https://factcheck.afp.com/false-claims-about-georgia-ballot-issues-circulate-online,False claims about Georgia ballot issues circulate online,05-11-2020,23:26
14,https://factcheck.afp.com/eric-trump-spreads-false-claim-about-burned-ballots,Eric Trump spreads false claim about burned ballots,05-11-2020,18:12
0,https://factcheck.afp.com/false-claims-2020-us-election-fraud,False claims of 2020 US election fraud,05-02-2021,23:39
1,https://factcheck.afp.com/posts-use-old-data-falsely-accuse-wisconsin-voter-fraud,Posts use old data to falsely accuse Wisconsin of voter fraud,05-11-2020,04:08
2,https://factcheck.afp.com/giuliani-tweets-false-claim-trumps-pennsylvania-lead,Giuliani tweets false claim on Trump’s Pennsylvania lead,07-11-2020,00:44
3,https://factcheck.afp.com/human-error-michigan-county-vote-tally-sparks-claims-election-fraud,Human error in Michigan county vote tally sparks claims of election fraud,05-11-2020,19:56
4,https://factcheck.afp.com/nevada-has-not-stopped-counting-votes,Nevada has not stopped counting votes,04-11-2020,23:15
5,https://factcheck.afp.com/sharpie-pens-will-not-invalidate-arizona-ballots,Sharpie pens will not invalidate Arizona ballots,04-11-2020,22:59
6,https://factcheck.afp.com/donald-trumps-premature-declaration-victory,Donald Trump’s premature declaration of victory,04-11-2020,22:50
7,https://factcheck.afp.com/philadelphia-da-office-calls-polling-violation-tweet-deliberately-deceptive,Philadelphia DA office calls polling violation tweet ‘deliberately deceptive’,04-11-2020,04:06
8,https://factcheck.afp.com/misleads-attendance-trump-biden-campaign-events,Posts use photos to inaccurately compare campaign events,04-11-2020,12:28
9,https://factcheck.afp.com/photo-does-not-show-trump-supporter-blocking-polling-site-election-day,Photo does not show Trump supporter blocking polling site on Election Day,04-11-2020,12:24
10,https://factcheck.afp.com/phony-flyer-calls-antifa-riots-after-us-election-day,Phony flyer calls for Antifa riots after US election day,04-11-2020,01:12
11,https://factcheck.afp.com/altered-video-aims-portray-biden-confused-about-his-location,Altered video aims to portray Biden as confused about his location,03-11-2020,13:02
12,https://factcheck.afp.com/trump-envoy-uses-2019-photo-allege-biden-hypocrisy-masks,Trump envoy uses 2019 photo to allege Biden hypocrisy on masks,02-11-2020,22:35
13,https://factcheck.afp.com/trump-falsely-claims-biden-called-black-youths-super-predators,Trump falsely claims Biden called Black youths ‘super predators’,02-11-2020,18:31
14,https://factcheck.afp.com/americas-other-pandemic,America's Other Pandemic,27-01-2021,18:35
0,https://factcheck.afp.com/ballots-received-after-november-3-will-be-counted-22-us-states,Ballots received after November 3 will be counted in 22 US states,30-10-2020,22:20
1,https://factcheck.afp.com/days-presidential-election-candidates-misleading-claims-endure,"Days from presidential election, candidates’ misleading claims endure",30-10-2020,18:55
2,https://factcheck.afp.com/misleading-photo-used-denounce-environmentalists-opposition-fracking,Misleading photo used to denounce environmentalists’ opposition to fracking,30-10-2020,01:58
3,https://factcheck.afp.com/trump-jr-tweets-false-claim-almost-0-americans-died-flu-year,Trump Jr tweets false claim that ‘almost 0’ Americans died from the flu this year,29-10-2020,16:47
4,https://factcheck.afp.com/ads-feature-misleadingly-edited-clip-biden-tax-plan,Ads feature misleadingly edited clip on Biden tax plan,27-10-2020,22:24
5,https://factcheck.afp.com/us-democrats-did-not-block-bill-tuition-children-vets-killed-action,US Democrats did not block bill on tuition for children of vets killed in action,27-10-2020,20:46
6,https://factcheck.afp.com/it-not-joe-bidens-policy-ban-fracking,It is not Joe Biden’s policy to ban fracking,20-11-2020,23:54
7,https://factcheck.afp.com/michigan-kidnap-plotters-not-members-antifa-or-blm-ags-office,Michigan kidnap plotters not members of Antifa or BLM: AG’s office,23-10-2020,23:31
8,https://factcheck.afp.com/final-2020-presidential-debate,The final 2020 presidential debate,23-10-2020,10:23
9,https://factcheck.afp.com/bacterial-pneumonia-complication-influenza-not-linked-mask-wearing,"Bacterial pneumonia, a complication of influenza, not linked to mask wearing",23-10-2020,00:02
10,https://factcheck.afp.com/bidens-40-tax-rate-home-sales-only-applies-1-million-annual-earners,Biden’s 40% tax rate on home sales only applies to $1 million annual earners,21-10-2020,23:02
11,https://factcheck.afp.com/video-misleads-harris-rally-crowd-size,Video misleads on Harris rally crowd size,21-10-2020,20:52
12,https://factcheck.afp.com/after-50-cent-backs-trump-republicans-share-rappers-doctored-image,"After 50 Cent backs Trump, Republicans share rappers' doctored image",21-10-2020,12:09
13,https://factcheck.afp.com/misleading-claim-says-harris-jailed-1500-black-men-marijuana,"Misleading claim says Harris jailed 1,500 Black men for marijuana",20-10-2020,20:08
14,https://factcheck.afp.com/photo-2018-swiss-music-festival-falsely-shared-florida-trump-rally,Photo of 2018 Swiss music festival falsely shared as Florida Trump rally,19-10-2020,21:48
0,https://factcheck.afp.com/eric-trump-pushes-misleading-corruption-claim-over-former-biden-home,Eric Trump pushes misleading corruption claim over former Biden home,19-10-2020,20:48
1,https://factcheck.afp.com/post-falsely-claims-trump-died-covid-19,Post falsely claims Trump died of Covid-19,16-10-2020,04:50
2,https://factcheck.afp.com/us-postal-service-says-it-will-deliver-ballots-insufficient-postage,US Postal Service says it will deliver ballots with insufficient postage,15-10-2020,19:24
3,https://factcheck.afp.com/pelosi-presidential-succession-not-guaranteed-vp-spot,"Pelosi in presidential succession, but not guaranteed VP spot",14-10-2020,22:55
4,https://factcheck.afp.com/manipulated-photo-used-falsely-portray-pelosi-drunk,Manipulated photo used to falsely portray Pelosi as drunk,28-10-2020,15:31
5,https://factcheck.afp.com/trump-ad-misleadingly-uses-footage-fauci,Trump ad misleadingly uses footage of Fauci,13-10-2020,15:52
6,https://factcheck.afp.com/2020-us-vice-presidential-debate,The 2020 US vice presidential debate,08-10-2020,17:21
7,https://factcheck.afp.com/misinformation-targets-new-jersey-flu-vaccine-mandate-plan,Misinformation targets New Jersey flu vaccine mandate plan,07-10-2020,23:41
8,https://factcheck.afp.com/mail-ballot-errors-spark-voter-fraud-claims-us,Mail-in ballot errors spark voter fraud claims in US,07-10-2020,23:02
9,https://factcheck.afp.com/kamala-harris-did-not-call-joe-biden-trash,Kamala Harris did not call Joe Biden 'trash',07-10-2020,20:39
10,https://factcheck.afp.com/clip-shows-biden-criticizing-discrimination-not-support-trump,"Clip shows Biden criticizing discrimination, not support of Trump",07-10-2020,05:01
11,https://factcheck.afp.com/image-does-not-show-discarded-ballots-cast-trump,Image does not show discarded ballots cast for Trump,06-10-2020,22:57
12,https://factcheck.afp.com/video-south-african-bikers-falsely-shared-footage-prayer-trumps-health,Video of South African bikers falsely shared as footage of prayer for Trump’s health,06-10-2020,00:05
13,https://factcheck.afp.com/biden-accused-wearing-wire-during-presidential-debate,Biden accused of wearing wire during presidential debate,05-10-2020,18:16
14,https://factcheck.afp.com/cdc-did-not-give-contradictory-advice-mask-use-smoke-covid-19,"CDC did not give contradictory advice on mask use for smoke, Covid-19",30-09-2020,23:08
0,https://factcheck.afp.com/trumps-executive-order-insulin-not-yet-implemented,Trump’s executive order on insulin not yet implemented,30-09-2020,21:53
1,https://factcheck.afp.com/donald-trumps-accusations-about-hunter-biden,Donald Trump’s accusations about Hunter Biden,30-09-2020,21:20
2,https://factcheck.afp.com/voting-mail-us-poses-little-risk-fraud,Voting by mail in US poses little risk of fraud,30-09-2020,23:11
3,https://factcheck.afp.com/trump-biden-trade-claims-coronavirus-response-first-debate,"Trump, Biden trade claims on coronavirus response in first debate",30-09-2020,18:05
4,https://factcheck.afp.com/donald-trumps-economic-record-us-president,Donald Trump’s economic record as US president,19-01-2021,23:53
5,https://factcheck.afp.com/dozens-girls-were-not-found-delaware-shipping-container,Dozens of girls were not found in a Delaware shipping container,29-09-2020,18:46
6,https://factcheck.afp.com/ruth-bader-ginsburg-was-not-nominated-or-confirmed-us-federal-election-year,Ruth Bader Ginsburg was not nominated or confirmed in a US federal election year,25-09-2020,22:18
7,https://factcheck.afp.com/us-attorney-generals-false-ballot-fraud-claim-spreads-online,US attorney general’s false ballot fraud claim spreads online,24-09-2020,17:27
8,https://factcheck.afp.com/trumps-campaign-falsely-claims-biden-botched-pledge-allegiance,Trump’s campaign falsely claims Biden botched Pledge of Allegiance,23-09-2020,21:58
9,https://factcheck.afp.com/justice-ginsburg-did-not-advocate-lowering-age-consent-12,Justice Ginsburg did not advocate lowering age of consent to 12,22-09-2020,22:51
10,https://factcheck.afp.com/target-stores-did-not-introduce-black-lives-matter-t-shirt-employee-uniform,Target stores did not introduce Black Lives Matter T-shirt as employee uniform,19-09-2020,00:46
11,https://factcheck.afp.com/map-us-fires-used-cast-doubt-cause-infernos,Map of US fires used to cast doubt on cause of infernos,22-09-2020,19:47
12,https://factcheck.afp.com/climate-change-key-factor-behind-california-wildfires,Climate change is key factor behind California wildfires,18-09-2020,21:56
13,https://factcheck.afp.com/biden-seeks-replacement-retirement-contribution-deductions-tax-credit,Biden seeks replacement of retirement contribution deductions with tax credit,17-09-2020,21:39
14,https://factcheck.afp.com/adding-stamp-will-not-expedite-us-mail-ballots-pre-paid-postage,Adding a stamp will not expedite US mail-in ballots with pre-paid postage,17-09-2020,20:33
0,https://factcheck.afp.com/trump-spreads-manipulated-video-biden-featuring-song-nwa,Trump spreads manipulated video of Biden featuring song by N.W.A.,17-09-2020,20:31
1,https://factcheck.afp.com/dramatic-hawaii-sunset-photo-falsely-used-depict-california-fires-again,Dramatic Hawaii sunset photo falsely used to depict California fires again,15-09-2020,21:57
2,https://factcheck.afp.com/false-claims-antifa-arson-arrests-spread-online-fires-hit-oregon,False claims of Antifa arson arrests spread online as fires hit Oregon,17-09-2020,17:14
3,https://factcheck.afp.com/boy-posing-guns-does-not-resemble-jacob-blake,Boy posing with guns does not resemble Jacob Blake,14-09-2020,16:56
4,https://factcheck.afp.com/kentucky-governor-did-not-attend-states-2020-derby,Kentucky governor did not attend state’s 2020 Derby,10-09-2020,23:20
5,https://factcheck.afp.com/video-misleadingly-edited-make-trump-appear-disoriented,Video misleadingly edited to make Trump appear disoriented,17-09-2020,20:43
6,https://factcheck.afp.com/authorities-did-not-find-39-children-georgia-trailer,Authorities did not find 39 children in a Georgia trailer,09-09-2020,00:52
7,https://factcheck.afp.com/pelosi-did-not-say-she-will-quit-if-trump-wins-november,Pelosi did not say she will quit if Trump wins in November,04-09-2020,21:08
8,https://factcheck.afp.com/manipulated-video-falsely-shows-biden-asleep-during-tv-interview,Manipulated video falsely shows Biden asleep during a TV interview,02-09-2020,16:47
9,https://factcheck.afp.com/trump-retweets-false-claim-cdc-cut-covid-19-death-toll-94-percent,Trump retweets false claim that CDC cut Covid-19 death toll by 94 percent,03-09-2020,16:52
10,https://factcheck.afp.com/melania-trump-targeted-false-claims-white-house-rose-garden-redesign,Melania Trump targeted with false claims on White House Rose Garden redesign,28-08-2020,19:48
11,https://factcheck.afp.com/taps-bugle-melody-did-not-come-captain-grieving-his-son,‘Taps’ bugle melody did not come from a captain grieving his son,15-09-2020,22:34
12,https://factcheck.afp.com/trump-ends-republican-convention-false-and-misleading-claims,Trump ends Republican convention with false and misleading claims,28-08-2020,16:31
13,https://factcheck.afp.com/facebook-not-banning-trumps-election-ads,Facebook is not banning Trump’s election ads,27-08-2020,21:51
14,https://factcheck.afp.com/covid-19-poses-risks-children-and-health-authorities-recommend-they-wear-masks,"Covid-19 poses risks to children, and health authorities recommend they wear masks",27-08-2020,16:17
0,https://factcheck.afp.com/church-was-not-target-civil-unrest-wisconsin,Church was not target of civil unrest in Wisconsin,26-08-2020,22:58
1,https://factcheck.afp.com/cdc-program-involves-covid-19-vaccine-distribution-not-injection-north-dakota,"CDC program involves Covid-19 vaccine distribution, not injection, in North Dakota",26-08-2020,20:45
2,https://factcheck.afp.com/trump-son-makes-false-claims-second-night-republican-convention,Trump son makes false claims on second night of Republican convention,28-08-2020,19:55
3,https://factcheck.afp.com/republican-convention-opening-sees-stream-misleading-claims,Republican convention opening sees stream of misleading claims,25-08-2020,19:07
4,https://factcheck.afp.com/posts-criticize-democrats-not-wearing-masks-time-when-they-werent-recommended,Posts criticize Democrats for not wearing masks at a time when they weren’t recommended,24-08-2020,22:31
5,https://factcheck.afp.com/misleading-video-raises-fears-vote-mail-fraud,Misleading video raises fears of vote-by-mail fraud,21-08-2020,22:31
6,https://factcheck.afp.com/misleadingly-edited-kamala-harris-clip-used-claim-she-called-young-voters-stupid,Misleadingly edited Kamala Harris clip used to claim she called young voters 'stupid',21-08-2020,18:36
7,https://factcheck.afp.com/misleading-claims-about-covid-19-vaccine-spread-plandemic-video,Misleading claims about COVID-19 vaccine spread by ‘Plandemic’ video,20-08-2020,23:44
8,https://factcheck.afp.com/no-us-post-office-advisory-against-mailing-cash,US post office does not say ‘never’ mail cash,21-08-2020,16:36
9,https://factcheck.afp.com/man-assaulted-portland-black-lives-matter-protest-did-not-die,Man assaulted at Portland Black Lives Matter protest did not die,20-08-2020,17:04
10,https://factcheck.afp.com/new-plandemic-film-promotes-coronavirus-conspiracy-theory,New ‘Plandemic’ film promotes coronavirus conspiracy theory,21-08-2020,00:11
11,https://factcheck.afp.com/photo-large-crowd-shows-black-lives-matter-protest-not-mail-vote-rally,"Photo of large crowd shows Black Lives Matter protest, not mail-in vote rally",18-08-2020,23:38
12,https://factcheck.afp.com/kamala-harris-does-not-oppose-gun-ownership-or-second-amendment,Kamala Harris does not oppose gun ownership or the Second Amendment,20-08-2020,03:31
13,https://factcheck.afp.com/george-floyd-did-not-die-drug-overdose,George Floyd did not die of a drug overdose,18-08-2020,22:42
14,https://factcheck.afp.com/us-postal-service-union-did-not-produce-ad-saying-fascism-wont-stop-mail,US postal service union did not produce ad saying fascism won’t stop the mail,17-08-2020,17:02
0,https://factcheck.afp.com/face-mask-use-does-not-lead-legionnaires-disease,Face mask use does not lead to Legionnaires’ disease,14-08-2020,21:51
1,https://factcheck.afp.com/conspiracy-theory-falsely-links-obama-sexual-misconduct,Conspiracy theory falsely links Obama to sexual misconduct,14-08-2020,19:44
2,https://factcheck.afp.com/hoax-returns-moon-and-mars-will-not-appear-equal-size-night-sky,Hoax returns: Moon and Mars will not appear of equal size in night sky,14-08-2020,18:02
3,https://factcheck.afp.com/us-presidents-can-spend-tax-dollars-executive-orders,US presidents can spend tax dollars with executive orders,13-08-2020,22:40
4,https://factcheck.afp.com/us-far-reaching-herd-immunity-covid-19,US far from reaching herd immunity for COVID-19,13-08-2020,21:35
5,https://factcheck.afp.com/fabricated-kamala-harris-quote-resurfaces-after-vp-announcement,Fabricated Kamala Harris quote resurfaces after VP announcement,12-08-2020,23:01
6,https://factcheck.afp.com/photo-used-criticize-kamala-harris-does-not-show-her-parents,Photo used to criticize Kamala Harris does not show her parents,12-08-2020,22:56
7,https://factcheck.afp.com/foreign-born-parents-not-obstacle-kamala-harris-becoming-president,Foreign-born parents not an obstacle to Kamala Harris becoming president,17-09-2020,20:41
8,https://factcheck.afp.com/comments-coronavirus-measures-falsely-attributed-fox-news-host-tucker-carlson,Comments on coronavirus measures falsely attributed to Fox News host Tucker Carlson,02-09-2020,16:28
9,https://factcheck.afp.com/discredited-scientific-paper-behind-false-claims-covid-5g-link,Discredited scientific paper behind false claims on COVID-5G link,02-09-2020,16:28
10,https://factcheck.afp.com/social-distancing-effect-john-lewis-funeral,Social distancing in effect at John Lewis funeral,07-08-2020,22:56
11,https://factcheck.afp.com/trump-campaign-ad-features-doctored-images-biden,Trump campaign ad features doctored images of Biden,07-08-2020,17:20
12,https://factcheck.afp.com/beirut-blast-was-not-nuclear-explosion,Beirut blast was not a nuclear explosion,07-08-2020,18:09
13,https://factcheck.afp.com/tweets-israeli-pms-account-referred-syria-strikes-not-beirut-blast,"Tweets from Israeli PM’s account referred to Syria strikes, not Beirut blast",05-08-2020,21:01
14,https://factcheck.afp.com/members-congress-did-not-receive-quarantine-exemption-john-lewiss-funeral,Members of Congress did not receive quarantine exemption for John Lewis’s funeral,05-08-2020,00:12
0,https://factcheck.afp.com/joe-biden-does-not-own-island-next-sex-offender-jeffrey-epsteins-hideaway,Joe Biden does not own island next to sex offender Jeffrey Epstein’s hideaway,31-07-2020,20:08
1,https://factcheck.afp.com/fit-people-are-not-immune-covid-19,Fit people are not immune to COVID-19,31-07-2020,18:03
2,https://factcheck.afp.com/hoax-posts-offer-hazard-pay-us-pandemic-workers,Hoax posts offer hazard pay to US pandemic workers,30-07-2020,17:34
3,https://factcheck.afp.com/us-was-not-only-country-end-slavery,US was not the only country to end slavery,30-07-2020,18:55
4,https://factcheck.afp.com/trump-spreads-video-doctor-who-falsely-claims-hydroxychloroquine-cures-covid-19,Trump spreads video of doctor who falsely claims hydroxychloroquine cures COVID-19,29-07-2020,22:02
5,https://factcheck.afp.com/cdc-did-not-cut-florida-covid-19-count-after-trump-administration-rerouted-hospital-data,CDC did not cut Florida COVID-19 count after Trump administration rerouted hospital data,24-07-2020,23:17
6,https://factcheck.afp.com/obama-did-not-sign-law-used-authorize-federal-force-portland,Obama did not sign law used to authorize federal force in Portland,24-07-2020,22:35
7,https://factcheck.afp.com/joe-bidens-stance-fracking-targeted-misleading-political-ad,Joe Biden’s stance on fracking targeted in misleading political ad,24-07-2020,20:41
8,https://factcheck.afp.com/social-media-posts-falsely-attribute-coronavirus-comments-fauci,Social media posts falsely attribute coronavirus comments to Fauci,24-07-2020,16:38
9,https://factcheck.afp.com/south-dakota-does-not-have-lowest-coronavirus-rate-us,South Dakota does not have the lowest coronavirus rate in the US,23-07-2020,22:07
10,https://factcheck.afp.com/fox-news-star-tucker-carlsons-home-was-not-targeted-due-new-york-times-article,Fox News star Tucker Carlson’s home was not targeted due to New York Times article,22-07-2020,23:43
11,https://factcheck.afp.com/misleading-video-uses-footage-fauci-criticize-face-mask-use,Misleading video uses footage of Fauci to criticize face mask use,22-07-2020,23:24
12,https://factcheck.afp.com/flawed-experiments-exaggerate-risk-co2-concentration-masks,Flawed experiments exaggerate risk from CO2 concentration in masks,02-09-2020,16:35
13,https://factcheck.afp.com/photo-does-not-show-trump-ally-stone-celebrating-after-prison-sentence-commuted,Photo does not show Trump ally Stone celebrating after prison sentence commuted,16-07-2020,21:59
14,https://factcheck.afp.com/ad-uv-wands-plays-coronavirus-fears-and-spreads-false-claims,Ad for UV wands plays on coronavirus fears and spreads false claims,16-07-2020,22:15
0,https://factcheck.afp.com/falling-man-video-was-not-trying-deface-famed-french-monument,Falling man in video was not trying to ‘deface’ famed French monument,16-07-2020,02:15
1,https://factcheck.afp.com/fake-pharmaceutical-ad-urges-viewers-take-shot,Fake pharmaceutical ad urges viewers to ‘take the shot’,02-09-2020,19:33
2,https://factcheck.afp.com/online-retailer-wayfair-hit-child-trafficking-conspiracy-theory,Online retailer Wayfair hit by child trafficking conspiracy theory,14-07-2020,23:11
3,https://factcheck.afp.com/drywall-dust-penetration-does-not-mean-face-masks-are-ineffective-against-coronavirus,Drywall dust penetration does not mean face masks are ineffective against the coronavirus,02-09-2020,19:12
4,https://factcheck.afp.com/health-authorities-recommend-face-masks-curb-coronavirus-transmission,Health authorities recommend face masks to curb coronavirus transmission,02-09-2020,19:33
5,https://factcheck.afp.com/flu-shots-do-not-contain-coronaviruses,Flu shots do not contain coronaviruses,02-09-2020,19:34
6,https://factcheck.afp.com/black-lives-matter-did-not-release-flyer-describing-whites-enemy,Black Lives Matter did not release flyer describing whites as ‘the enemy’,10-07-2020,17:00
7,https://factcheck.afp.com/anthony-fauci-not-married-ghislaine-maxwells-sister,Anthony Fauci is not married to Ghislaine Maxwell’s sister,02-09-2020,19:34
8,https://factcheck.afp.com/no-whole-foods-does-not-refuse-cash-payments-its-stores,"No, Whole Foods does not refuse cash payments at its stores",09-07-2020,17:54
9,https://factcheck.afp.com/robbery-priest-us-capital-sparks-misleading-hate-crime-claims,Robbery of priest in US capital sparks misleading hate-crime claims,07-07-2020,20:11
10,https://factcheck.afp.com/facebook-did-not-say-it-would-remove-nra-supporters,Facebook did not say it would remove NRA supporters,06-07-2020,23:12
11,https://factcheck.afp.com/melania-trumps-dress-did-not-feature-drawings-child-sex-abuse-victims,Melania Trump’s dress did not feature drawings by child sex abuse victims,06-07-2020,19:40
12,https://factcheck.afp.com/antifa-july-4th-plot-unproven-say-police,"Antifa July 4th plot unproven, say police",02-07-2020,23:12
13,https://factcheck.afp.com/covid-19-cases-spike-us-mask-misinformation-also-spreads,"As COVID-19 cases spike in US, mask misinformation also spreads",28-07-2020,18:49
14,https://factcheck.afp.com/photo-shows-pro-democracy-protesters-hong-kong,Photo shows pro-democracy protesters in Hong Kong,30-06-2020,18:09
0,https://factcheck.afp.com/us-protests-rage-false-posts-say-nazis-defunded-police,"As US protests rage, false posts say Nazis defunded police",25-06-2020,22:45
1,https://factcheck.afp.com/serena-williams-views-race-misrepresented-due-namesakes-facebook-post,Serena Williams’ views on race misrepresented due to namesake’s Facebook post,24-06-2020,22:15
2,https://factcheck.afp.com/cdc-does-not-add-flu-and-pneumonia-deaths-covid-19-toll,CDC does not add flu and pneumonia deaths to COVID-19 toll,16-07-2020,17:42
3,https://factcheck.afp.com/dc-biker-event-photo-falsely-used-inflate-trump-tulsa-rally-crowd,DC biker event photo falsely used to inflate Trump Tulsa rally crowd,22-06-2020,23:44
4,https://factcheck.afp.com/obama-foundation-did-not-publish-george-floyd-photo-his-death,The Obama Foundation did not publish George Floyd photo before his death,19-06-2020,22:40
5,https://factcheck.afp.com/biker-gangs-did-not-unite-drive-antifa-out-seattle,Biker gangs did not unite to drive Antifa out of Seattle,03-08-2020,19:33
6,https://factcheck.afp.com/meme-misleads-about-danger-long-term-mask-use,Meme misleads about danger of long-term mask use,18-06-2020,21:08
7,https://factcheck.afp.com/us-faces-covid-19-spike-outdated-mask-info-spreads-online,"As US faces COVID-19 spike, outdated mask info spreads online",17-06-2020,23:36
8,https://factcheck.afp.com/black-lives-matter-did-not-issue-rules-white-protesters,Black Lives Matter did not issue ‘rules’ for white protesters,17-06-2020,17:05
9,https://factcheck.afp.com/hillary-clinton-was-not-trial-early-june,Hillary Clinton was not ‘on trial’ in early June,15-09-2020,20:19
10,https://factcheck.afp.com/posts-falsely-claim-photo-assault-survivor-shows-woman-robbed-george-floyd,Posts falsely claim photo of assault survivor shows woman robbed by George Floyd,16-06-2020,18:32
11,https://factcheck.afp.com/fabricated-lincoln-quote-spreads-online-protests-rock-us,Fabricated Lincoln quote spreads online as protests rock US,15-06-2020,23:47
12,https://factcheck.afp.com/posts-falsely-claim-coronavirus-testing-excuse-implant-gates-funded-microchips,Posts falsely claim coronavirus testing is an excuse to implant Gates-funded microchips,11-06-2020,18:32
13,https://factcheck.afp.com/false-posts-claim-minnesota-attorney-general-soros-colluding-antifa,"False posts claim Minnesota attorney general, Soros colluding with Antifa",03-08-2020,19:32
14,https://factcheck.afp.com/filipino-facebook-page-behind-doctored-kendall-jenner-black-lives-matter-photo,Filipino Facebook page behind doctored Kendall Jenner Black Lives Matter photo,20-07-2020,17:21
0,https://factcheck.afp.com/posts-falsely-claim-george-floyds-death-was-staged,Posts falsely claim that George Floyd’s death was staged,11-06-2020,13:25
1,https://factcheck.afp.com/posts-falsely-claim-attack-killed-man-oregon-during-george-floyd-protests,Posts falsely claim attack killed man in Oregon during George Floyd protests,05-06-2020,22:13
2,https://factcheck.afp.com/post-picturing-senior-us-air-force-member-was-not-written-him,Post picturing senior US Air Force member was not written by him,04-06-2020,21:32
3,https://factcheck.afp.com/los-angeles-vietnam-memorial-was-not-vandalized-during-george-floyd-protests,Los Angeles Vietnam memorial was not vandalized during George Floyd protests,04-06-2020,21:24
4,https://factcheck.afp.com/flyer-advertising-professional-anarchists-fake,Flyer advertising for ‘professional anarchists’ is fake,03-06-2020,23:53
5,https://factcheck.afp.com/altered-image-hitler-used-criticize-trump,Altered image of Hitler used to criticize Trump,03-06-2020,20:42
6,https://factcheck.afp.com/doctored-image-shows-demonic-flames-engulfing-minneapolis-apartment-building,Doctored image shows ‘demonic’ flames engulfing Minneapolis apartment building,03-08-2020,19:28
7,https://factcheck.afp.com/simpsons-drawing-independent-artist-homage-floyds-death,Simpsons drawing is from independent artist in homage to Floyd's death,02-06-2020,22:04
8,https://factcheck.afp.com/far-right-group-poses-antifa-during-george-floyd-protests,Far-right group poses as Antifa during George Floyd protests,03-08-2020,19:32
9,https://factcheck.afp.com/dcblackout-hashtag-used-falsely-claim-communications-shut-down-during-protests,#DCBlackout hashtag used to falsely claim communications shut down during protests,03-08-2020,19:31
10,https://factcheck.afp.com/no-not-derek-chauvin-wearing-cap,"No, that is not Derek Chauvin wearing the cap",03-08-2020,19:22
11,https://factcheck.afp.com/risk-us-mail-voter-fraud-minuscule,Risk of US mail-in voter fraud is minuscule,17-09-2020,20:37
12,https://factcheck.afp.com/contrary-facebook-post-obamacare-never-exempted-muslims,"Contrary to Facebook post, Obamacare never exempted Muslims",27-05-2020,23:40
13,https://factcheck.afp.com/post-falsely-claims-obamas-gave-law-licenses-over-misconduct,Post falsely claims Obamas gave up law licenses over misconduct,27-05-2020,19:23
14,https://factcheck.afp.com/un-falsely-accused-demanding-ecuador-legalize-abortions-get-covid-19-aid,UN falsely accused of demanding Ecuador ‘legalize’ abortions to get COVID-19 aid,26-05-2020,23:11
0,https://factcheck.afp.com/post-falsely-claims-olive-garden-restaurant-chain-funding-trump-campaign,Post falsely claims Olive Garden restaurant chain funding Trump campaign,22-05-2020,22:32
1,https://factcheck.afp.com/post-falsely-claims-there-were-no-us-flu-deaths-during-covid-19-crisis,Post falsely claims there were no US flu deaths during COVID-19 crisis,21-05-2020,20:19
2,https://factcheck.afp.com/misleading-article-warns-against-face-masks-during-covid-19-pandemic,Misleading article warns against face masks during COVID-19 pandemic,02-09-2020,16:57
3,https://factcheck.afp.com/bill-gates-did-not-say-covid-19-vaccine-could-kill-nearly-million-people,Bill Gates did not say COVID-19 vaccine could kill nearly a million people,02-09-2020,17:03
4,https://factcheck.afp.com/false-headline-claims-actress-urged-women-kill-babies-home-abortions,False headline claims actress urged women to kill babies in home abortions,21-05-2020,20:28
5,https://factcheck.afp.com/holocaust-comparison-misleading-facebook-post-claims-bill-gates-seeks-digital-tattoos,"With Holocaust comparison, misleading Facebook post claims Bill Gates seeks 'digital tattoos'",02-09-2020,17:08
6,https://factcheck.afp.com/plandemic-video-peddles-falsehoods-about-covid-19,‘Plandemic’ video peddles falsehoods about COVID-19,02-09-2020,16:58
7,https://factcheck.afp.com/us-health-authorities-have-not-cut-reported-covid-19-death-toll,US health authorities have not cut reported COVID-19 death toll,12-05-2020,18:28
8,https://factcheck.afp.com/false-sightings-asian-giant-hornet-flourish-north-america,False sightings of Asian giant hornet flourish in North America,01-06-2020,19:36
9,https://factcheck.afp.com/misinformation-us-flu-shot-ingredients-resurfaces-during-pandemic,Misinformation on US flu shot ingredients resurfaces during pandemic,07-05-2020,23:40
10,https://factcheck.afp.com/flu-shot-will-not-make-you-test-positive-covid-19,Flu shot will not make you test positive for COVID-19,07-05-2020,20:48
11,https://factcheck.afp.com/doctored-photo-latest-attack-bill-gates-amid-covid-19-vaccine-push,Doctored photo is latest attack on Bill Gates amid COVID-19 vaccine push,13-05-2020,16:49
12,https://factcheck.afp.com/residents-are-advised-not-required-take-covid-19-precautions,"Residents are advised, but not required, to take COVID-19 precautions",02-09-2020,19:34
13,https://factcheck.afp.com/trump-makes-false-claims-about-covid-19-testing,Trump makes false claims about COVID-19 testing,06-05-2020,22:15
14,https://factcheck.afp.com/misleading-mask-graphic-claims-show-exact-chance-covid-19-spread,Misleading mask graphic claims to show exact chance of COVID-19 spread,05-05-2020,17:53
0,https://factcheck.afp.com/no-evidence-novel-coronavirus-was-spreading-us-early-november-2019,No evidence novel coronavirus was spreading in US as early as November 2019,30-04-2020,21:02
1,https://factcheck.afp.com/posts-misrepresent-eligibility-us-covid-19-stimulus-payments,Posts misrepresent eligibility for US COVID-19 stimulus payments,28-04-2020,23:18
2,https://factcheck.afp.com/fake-hiring-phone-numbers-shared-online-us-unemployment-surges,Fake hiring phone numbers shared online in US as unemployment surges,27-04-2020,22:18
3,https://factcheck.afp.com/trumps-idea-treat-covid-19-disinfectant-could-cause-deaths,Trump's idea to treat COVID-19 with disinfectant could cause deaths,24-04-2020,22:37
4,https://factcheck.afp.com/misleading-coronavirus-information-falsely-attributed-johns-hopkins,Misleading coronavirus information falsely attributed to Johns Hopkins,02-09-2020,18:44
5,https://factcheck.afp.com/trump-did-not-post-tweet-about-h1n1-pandemic-2009,Trump did not post this tweet about H1N1 pandemic in 2009,23-04-2020,15:49
6,https://factcheck.afp.com/posts-claim-children-covid-19-must-go-hospitals-alone,Posts claim children with COVID-19 must go to hospitals alone,02-09-2020,19:35
7,https://factcheck.afp.com/post-gives-inaccurate-surgical-mask-instructions-during-covid-19-pandemic,Post gives inaccurate surgical mask instructions during COVID-19 pandemic,02-09-2020,19:35
8,https://factcheck.afp.com/false-zinc-and-tonic-covid-19-cure-floods-social-media,False zinc and tonic COVID-19 ‘cure’ floods social media,17-04-2020,23:27
9,https://factcheck.afp.com/fauci-not-alone-saying-hydroxychloroquine-unproven-against-covid-19,Fauci not alone in saying hydroxychloroquine unproven against COVID-19,19-04-2020,17:05
10,https://factcheck.afp.com/posts-list-phone-sex-numbers-helplines-track-us-stimulus-payments,Posts list phone sex numbers as helplines to track US stimulus payments,17-04-2020,21:50
11,https://factcheck.afp.com/democrats-did-vote-legislation-combat-novel-coronavirus-crisis,Democrats did vote for legislation to combat the novel coronavirus crisis,15-04-2020,22:24
12,https://factcheck.afp.com/face-mask-ad-posted-during-coronavirus-crisis-claims-stock-images-show-infection-hit-family,Face mask ad posted during coronavirus crisis claims stock images show infection-hit family,02-09-2020,17:11
13,https://factcheck.afp.com/false-facts-usps-finances-resurface-facebook,False ‘facts’ on USPS finances resurface on Facebook,25-08-2020,16:47
14,https://factcheck.afp.com/photo-does-not-show-nurses-treating-covid-19-patients-italy,Photo does not show nurses treating COVID-19 patients in Italy,09-04-2020,21:58
0,https://factcheck.afp.com/these-10-tips-preventing-covid-19-contain-false-information,These 10 tips for preventing COVID-19 contain false information,09-04-2020,21:35
1,https://factcheck.afp.com/ceos-these-companies-did-not-all-step-down-during-novel-coronavirus-crisis,CEOs of these companies did not all step down during novel coronavirus crisis,07-04-2020,23:10
2,https://factcheck.afp.com/misleading-posts-claim-ventilators-are-stuck-new-york-warehouse,Misleading posts claim ventilators are ‘stuck’ in New York warehouse,03-04-2020,23:10
3,https://factcheck.afp.com/calling-number-will-not-get-you-food-aid-us,Calling this number will not get you food aid in the US,02-04-2020,23:03
4,https://factcheck.afp.com/photos-vaping-illness-patients-used-make-false-covid-19-claim,Photos of vaping illness patients used to make false COVID-19 claim,02-04-2020,20:38
5,https://factcheck.afp.com/false-claims-patents-fuel-novel-coronavirus-conspiracy-theories-online,False claims on patents fuel novel coronavirus conspiracy theories online,03-04-2020,16:09
6,https://factcheck.afp.com/hemingway-phrase-misrepresented-trump-and-biden-statement-covid-19-death-toll,Hemingway phrase misrepresented as Trump and Biden statement on COVID-19 death toll,01-04-2020,21:50
7,https://factcheck.afp.com/wet-wipes-not-recommended-use-diy-coronavirus-protection-masks,Wet wipes not recommended for use as DIY coronavirus protection masks,02-09-2020,17:50
8,https://factcheck.afp.com/inhaling-steam-will-not-treat-or-cure-novel-coronavirus-infection,Inhaling steam will not treat or cure novel coronavirus infection,26-03-2020,21:36
9,https://factcheck.afp.com/us-social-media-users-mischaracterize-canadas-covid-19-aid-package,US social media users mischaracterize Canada’s COVID-19 aid package,26-03-2020,19:25
10,https://factcheck.afp.com/meme-does-not-show-fully-stocked-shelves-during-swine-flu-pandemic,This meme does not show fully-stocked shelves during swine flu pandemic,26-03-2020,15:58
11,https://factcheck.afp.com/photo-covid-19-rail-tanker-not-genuine-0,Photo of ‘COVID-19’ rail tanker is not genuine,25-03-2020,20:36
12,https://factcheck.afp.com/misleading-covid-19-flyer-falsely-linked-us-veterans-affairs-hospital,Misleading COVID-19 flyer falsely linked to US Veterans Affairs hospital,23-03-2020,21:38
13,https://factcheck.afp.com/hot-air-saunas-hair-dryers-wont-prevent-or-treat-covid-19,"Hot air from saunas, hair dryers won’t prevent or treat COVID-19",23-03-2020,15:47
14,https://factcheck.afp.com/false-posts-claim-covid-19-existed-2019-use-animal-vaccines-proof,"False posts claim COVID-19 existed before 2019, use animal vaccines as proof",29-04-2020,11:33
0,https://factcheck.afp.com/major-disease-outbreaks-are-not-tied-us-election-years,Major disease outbreaks are not tied to US election years,18-03-2020,19:16
1,https://factcheck.afp.com/consuming-silver-particles-will-not-prevent-or-treat-novel-coronavirus,Consuming silver particles will not prevent or treat novel coronavirus,08-04-2020,22:57
2,https://factcheck.afp.com/donating-blood-us-does-not-get-you-novel-coronavirus-test,Donating blood in US does not get you a novel coronavirus test,12-03-2020,14:30
3,https://factcheck.afp.com/trump-spreads-misleadingly-edited-videos-biden,Trump spreads misleadingly edited videos of Biden,09-03-2020,22:20
4,https://factcheck.afp.com/coronavirus-hoax-spreads-online-after-rush-limbaugh-broadcast,Coronavirus hoax spreads online after Rush Limbaugh broadcast,04-03-2020,21:55
5,https://factcheck.afp.com/us-disease-experts-did-not-issue-novel-coronavirus-related-facial-hair-guide,US disease experts did not issue novel coronavirus-related facial hair guide,04-03-2020,21:49
6,https://factcheck.afp.com/elizabeth-warren-did-not-say-abortion-same-getting-tonsils-out,Elizabeth Warren did not say an abortion is the same as getting tonsils out,03-03-2020,22:59
7,https://factcheck.afp.com/coronavirus-protection-masks-hawked-misleading-video-ad-facebook,‘Coronavirus protection’ masks hawked in misleading video ad on Facebook,06-04-2020,19:23
8,https://factcheck.afp.com/sanders-not-proposing-52-percent-tax-minimum-wage-incomes,Sanders is not proposing a 52-percent tax on minimum-wage incomes,27-02-2020,19:04
9,https://factcheck.afp.com/bloomberg-campaign-tweets-fake-sanders-quotes,Bloomberg campaign tweets fake Sanders quotes,25-02-2020,21:52
10,https://factcheck.afp.com/henry-kissinger-says-pro-trump-quotes-are-inventions,Henry Kissinger says pro-Trump quotes are ‘inventions’,25-02-2020,20:37
11,https://factcheck.afp.com/trump-campaign-makes-false-claim-about-buttigieg-remarks-health-insurance,Trump campaign makes false claim about Buttigieg remarks on health insurance,21-02-2020,19:51
12,https://factcheck.afp.com/hoax-video-claims-kobe-bryants-widow-died-suicide,Hoax video claims Kobe Bryant’s widow died by suicide,24-02-2020,21:26
13,https://factcheck.afp.com/bloomberg-posts-misleading-video-about-rivals-after-debate-debut,Bloomberg posts misleading video about rivals after debate debut,20-02-2020,22:20
14,https://factcheck.afp.com/nevada-early-voting-rules-spark-claims-voter-suppression,Nevada early voting rules spark claims of voter suppression,20-02-2020,16:46
0,https://factcheck.afp.com/nra-misrepresents-biden-remark-guns,NRA misrepresents Biden remark on guns,18-02-2020,17:13
1,https://factcheck.afp.com/nancy-pelosi-not-being-fined-ripping-donald-trumps-speech,Nancy Pelosi is not being fined for ripping up Donald Trump's speech,11-02-2020,17:06
2,https://factcheck.afp.com/lysol-product-labels-are-not-evidence-novel-coronavirus-conspiracy,Lysol product labels are not evidence of a novel coronavirus conspiracy,02-09-2020,19:33
3,https://factcheck.afp.com/bloomberg-ad-used-obama-era-migrant-detention-footage-criticize-trump,Bloomberg ad used Obama-era migrant detention footage to criticize Trump,07-02-2020,20:39
4,https://factcheck.afp.com/ron-howard-politically-outspoken-he-did-not-write-facebook-post,"Ron Howard is politically outspoken, but he did not write this Facebook post",10-02-2020,19:25
5,https://factcheck.afp.com/pelosi-did-not-pledge-resign-if-impeachment-fails,Pelosi did not pledge to resign if impeachment ‘fails’,03-02-2020,23:47
6,https://factcheck.afp.com/no-comedian-tim-allen-did-not-write-pro-trump-post,"No, comedian Tim Allen did not write this pro-Trump post",31-01-2020,00:46
7,https://factcheck.afp.com/fake-george-washington-quotes-guns-spread-online,Fake George Washington quotes on guns spread online,28-01-2020,23:24
8,https://factcheck.afp.com/top-us-democrat-pelosi-did-not-raid-social-security-fund-impeachment,Top US Democrat Pelosi did not raid Social Security to fund impeachment,27-01-2020,20:58
