,url,headline,review,date
0,https://factcheck.thedispatch.com/p/did-the-washington-post-correct-a,Did the Washington Post Correct a Report About Trump’s Call With the Georgia Secretary of S…,No. The correction was to an article about Trump’s call with a different official.,18-03-2021
1,https://factcheck.thedispatch.com/p/do-60-percent-of-republicans-support,Do 60 Percent of Republicans Support the $1.9 Trillion COVID Relief Package?,It depends on which poll you read.,12-03-2021
2,https://factcheck.thedispatch.com/p/did-a-california-mayor-pro-tempore,Did a California Mayor Pro Tempore Plead Guilty to Election Fraud?,He violated state law by not meeting residency requirements. He was not accused of any ballot tampering or vote manipulation.,11-03-2021
3,https://factcheck.thedispatch.com/p/did-oprah-winfrey-pimp-young-girls,Did Oprah Winfrey ‘Pimp’ Young Girls to Convicted Sex Offender Harvey Weinstein?,No.,11-03-2021
4,https://factcheck.thedispatch.com/p/is-the-effort-to-recall-gavin-newsom,Is the Effort to Recall Gavin Newsom About ‘Telling People to Wear Masks’?,A Bernie Sanders tweet gets some facts about the recall petition wrong.,09-03-2021
5,https://factcheck.thedispatch.com/p/did-navy-seals-loyal-to-president,Did Navy SEALs Loyal to President Trump Arrest Hillary Clinton?,No.,09-03-2021
6,https://factcheck.thedispatch.com/p/was-the-cpac-stage-designed-to-look,Was the CPAC Stage Designed to Look Like Nazi Insignia?,There is no evidence to support the claim.,09-03-2021
7,https://factcheck.thedispatch.com/p/did-evangelical-leaders-pray-over,Did Evangelical Leaders Pray Over the Golden Trump Statue at CPAC?,No.,02-03-2021
8,https://factcheck.thedispatch.com/p/did-merrick-garland-say-antifa-attacks,Did Merrick Garland Deny Antifa Attacks Were Domestic Terrorism Because They Happened at Ni…,The attorney general nominee drew a distinction between events that disrupt democratic processes and those that entail property damage.,01-03-2021
9,https://factcheck.thedispatch.com/p/did-joe-biden-revoke-the-keystone,Did Joe Biden Revoke the Keystone Pipeline Permit to Help Warren Buffett?,There is no evidence to support this claim.,01-03-2021
10,https://factcheck.thedispatch.com/p/does-mask-wearing-cause-hypoxia-or,Does Mask-Wearing Cause Hypoxia or Pneumonia?,No.,01-03-2021
11,https://factcheck.thedispatch.com/p/does-a-report-prove-that-dominion,Does a Report Prove That Dominion Voting Machines Were ‘Designed’ to Create Fraud?,"No. The report is not new, and it is not evidence of election fraud.",01-03-2021
12,https://factcheck.thedispatch.com/p/fact-checking-xavier-becerras-claim,Fact Checking Xavier Becerra’s Claim That He ‘Never Sued Any Nuns’,"As California AG, he sued the Trump administration over a contraception mandate exemption, but the case had direct bearing on the Little Sisters of the…",26-02-2021
13,https://factcheck.thedispatch.com/p/did-neera-tanden-criticize-joe-manchins,Did Neera Tanden Criticize Joe Manchin’s Daughter for Raising the Price of EpiPens? ,"She has tweeted criticizing CEO pay, but claims otherwise lack evidence.",25-02-2021
14,https://factcheck.thedispatch.com/p/did-a-late-night-ballot-dump-let,Did a Late Night Ballot Dump Let Biden ‘Steal the Trump Landslide’?,"A claim about Fairfax County, Virginia, lacks evidence.",22-02-2021
15,https://factcheck.thedispatch.com/p/is-pfizer-recommending-a-switch-to,Is Pfizer Recommending a Switch to a Single-Dose Policy?,"The vaccine has demonstrated a high efficacy rate after one dose, but the company itself has not suggested any policy changes.",22-02-2021
16,https://factcheck.thedispatch.com/p/did-biden-dismiss-uighur-genocide,Did Biden Dismiss Uighur Genocide During His Town Hall? ,No. A New York Post article misrepresents what Biden said.,19-02-2021
17,https://factcheck.thedispatch.com/p/fact-check-joe-biden-said-we-didnt,Fact Check: Joe Biden Said ‘We Didn’t Have’ the COVID Vaccine When He Took Office,"The statement is false, and Biden made reference to vaccine availability later in the same town hall.",19-02-2021
18,https://factcheck.thedispatch.com/p/did-a-helicopter-use-petroleum-based,Did a Helicopter Use Petroleum-Based Chemicals to De-Ice a Texas Wind Turbine?,A viral claim is false for a couple of reasons.,18-02-2021
19,https://factcheck.thedispatch.com/p/did-rand-paul-applaud-officer-eugene,Did Rand Paul Applaud Officer Eugene Goodman in a Senate Ceremony?,Claims that he was the only senator not to rely on edited video.,17-02-2021
20,https://factcheck.thedispatch.com/p/is-the-texas-power-grid-totally-reliant,Is the Texas Power Grid ‘Totally Reliant’ on Windmills?,No.,17-02-2021
21,https://factcheck.thedispatch.com/p/assessing-the-various-claims-in-mike,Assessing the Various Claims in Mike Lindell’s ‘Absolute Proof’,The MyPillow CEO recycled numerous debunked claims in his documentary.,16-02-2021
22,https://factcheck.thedispatch.com/p/is-bank-of-america-giving-away-customer,Is Bank of America Giving Away Customer Data Without Consent?,The company’s consumer privacy notice discloses that it will share information with law enforcement.,16-02-2021
23,https://factcheck.thedispatch.com/p/is-joe-biden-using-the-real-air-force,Is Joe Biden Using the ‘Real’ Air Force One?,"There are a number of planes available to the president, and any plane he is on is referred to as ‘Air Force One.’",15-02-2021
24,https://factcheck.thedispatch.com/p/did-tampas-mayor-say-that-mask-violations,Did Tampa's Mayor Say That Mask Violations Would Be Handled by Police?,A video that claims as much was deceptively edited.,10-02-2021
25,https://factcheck.thedispatch.com/p/did-the-world-health-organization-d45,Did the World Health Organization Say We Don’t Need to Wear Masks?,No.,09-02-2021
26,https://factcheck.thedispatch.com/p/do-all-the-economics-show-that-a,Do ‘All the Economics Show’ That a Minimum Wage Increase Will Help the Economy?,No.,07-02-2021
27,https://factcheck.thedispatch.com/p/clearing-up-what-happened-to-ocasio,Clearing Up What Happened to Ocasio-Cortez During the Storming of the Capitol,"In a video, she said she thought rioters entered her office, but her later clarification that it was a Capitol police officer was left out of many repo…",04-02-2021
28,https://factcheck.thedispatch.com/p/did-the-washington-post-say-it-wouldnt,Did the Washington Post Say It Wouldn’t Fact Check Joe Biden?,No.,04-02-2021
29,https://factcheck.thedispatch.com/p/has-merck-said-its-more-effective,Has Merck Said It's 'More Effective' to Catch COVID Than Take a Vaccine?,The pharmaceutical giant has suspended its vaccine research but has not suggested it's better to get the virus.,04-02-2021
30,https://factcheck.thedispatch.com/p/did-family-members-of-trump-and-his,Did Family Members of Trump and His Team Cash In on Their Connections?,A viral meme is largely correct on one point but misleading on two others.,04-02-2021
31,https://factcheck.thedispatch.com/p/are-guantanamo-prisoners-getting,Are Guantanamo Prisoners Getting COVID Vaccines Before American Citizens?,A tweet from Charlie Kirk making such a claim came after the Pentagon had ‘paused’ a plan to offer it to detainees.,01-02-2021
32,https://factcheck.thedispatch.com/p/was-joe-bidens-inauguration-empty,"
Was Joe Biden’s Inauguration ‘Empty’?",The National Mall was closed to spectators out of security concerns after the January 6 riots.,29-01-2021
33,https://factcheck.thedispatch.com/p/does-rep-harold-ford-have-a-portrait,Does Rep. Harold Ford Have a Portrait of Mao in his Living Room?,No.,28-01-2021
34,https://factcheck.thedispatch.com/p/did-legislation-passed-in-1871-make,"Did Legislation Passed in 1871 Make Washington, D.C., a Foreign Entity?",The conspiracy theory is being spread to suggest that Donald Trump is still president.,28-01-2021
35,https://factcheck.thedispatch.com/p/did-trump-offer-to-let-national-guard,Did Trump Offer to Let National Guard Troops Stay at His Hotel?,There was no public announcement and various government offices were unfamiliar with any such invitations.,28-01-2021
36,https://factcheck.thedispatch.com/p/was-hank-aarons-death-tied-to-the,Was Hank Aaron’s Death Tied to the COVID Vaccine?,There is no evidence to support this claim.,28-01-2021
37,https://factcheck.thedispatch.com/p/did-kamala-harris-take-the-oath-with,Did Kamala Harris Take the Oath With Her Hand on a Purse? ,"No. The new vice president was sworn in using two Bibles, one on top of the other.",25-01-2021
38,https://factcheck.thedispatch.com/p/do-reports-that-militia-members-planned,Do Reports That Militia Members Planned to Storm the Capitol ‘Undermine’ the Case for Impea…,No.,22-01-2021
39,https://factcheck.thedispatch.com/p/does-a-video-show-national-guard,Does a Video Show National Guard Troops Turning Their Back on Joe Biden?,There is no evidence to support the claim.,22-01-2021
40,https://factcheck.thedispatch.com/p/trump-insurrection-act-false,Has Donald Trump Invoked the Insurrection Act?,No. The law requires a president to issue a public proclamation.,14-01-2021
41,https://factcheck.thedispatch.com/p/fact-checking-jim-jordans-claim-that,Fact Checking Jim Jordan’s Claim That He Never Said ‘The Election Was Stolen’,He has repeatedly cast doubt on the election results.,13-01-2021
42,https://factcheck.thedispatch.com/p/does-a-video-show-a-participant-in,Does a Video Show a Participant in the Capitol Riot Finding Out He’s on the ‘No Fly List’?,The woman who initially posted it to TikTok described it as a ‘meltdown’ over wearing a mask.,13-01-2021
43,https://factcheck.thedispatch.com/p/did-the-trump-family-party-while,Did the Trump Family 'Party' While the Capitol Was Overtaken?,A viral video makes a misleading claim.,12-01-2021
44,https://factcheck.thedispatch.com/p/fact-check-an-arizona-state-rep-claims,Fact Check: An Arizona State Rep Claims Antifa Members Were ‘Confirmed’ to be at the Capitol,He repeated claims from an already-debunked Washington Times article.,12-01-2021
45,https://factcheck.thedispatch.com/p/does-the-pfizerbiontech-vaccine-cause,Does the Pfizer/BioNTech Vaccine Cause Infertility?,No.,11-01-2021
46,https://factcheck.thedispatch.com/p/does-a-viral-photo-show-evidence,Does a Viral Photo Show Evidence of Shredded Ballots From the Georgia Runoff?,There is no evidence to support this claim.,10-01-2021
47,https://factcheck.thedispatch.com/p/debunking-the-conspiracy-theories,Debunking the Conspiracy Theories Claiming That Antifa Led the Attack on the Capitol,Right-wing groups were planning online for weeks to protest the electoral vote count.,08-01-2021
48,https://factcheck.thedispatch.com/p/fact-checking-donald-trumps-speech,Fact Checking Donald Trump’s Speech From the ‘Save America March’,The president repeated a series of false claims that have been debunked previously.,07-01-2021
49,https://factcheck.thedispatch.com/p/did-cnn-report-that-antifa-claimed,Did CNN Report That Antifa ‘Claimed Responsibility’ for Storming Capitol Hill?,Nope.,07-01-2021
50,https://factcheck.thedispatch.com/p/did-a-facial-recognition-software,Did a Facial Recognition Software Company Identify Antifa Members at the Capitol?,No.,07-01-2021
51,https://factcheck.thedispatch.com/p/were-antifa-supporters-among-those,Were Antifa Supporters Among Those Who Overtook the Capitol Building?,Tweets from Lin Wood are misleading.,06-01-2021
52,https://factcheck.thedispatch.com/p/does-mike-pence-have-the-power-to,Does Mike Pence Have the Power to Reject Slates of Electors?,No.,06-01-2021
53,https://factcheck.thedispatch.com/p/fact-checking-president-trumps-claims,Fact Checking President Trump’s Claims About Signature Audits in Georgia,The president made false claims about audits in two counties.,06-01-2021
54,https://factcheck.thedispatch.com/p/did-democrats-object-the-last-three,Did Democrats Object the Last Three Times a Republican Won the White House?,A tweet from Charlie Kirk is partially correct but is missing context.,05-01-2021
55,https://factcheck.thedispatch.com/p/fact-check-explaining-the-claims,Fact Check: Explaining the Claims Made by ‘Whistleblower’ Jesse Morgan,Morgan says he observed a series of 'weird' events while working as a subcontractor for the U.S. Postal Service.,05-01-2021
56,https://factcheck.thedispatch.com/p/fact-checking-trumps-claims-from,Fact Checking Trump’s Claims From His Call With Brad Raffensperger,The president made numerous false claims about election fraud.,04-01-2021
57,https://factcheck.thedispatch.com/p/is-brad-raffenspeger-the-brother,Is Brad Raffenspeger the Brother of a Huawei Executive?,No.,31-12-2020
58,https://factcheck.thedispatch.com/p/nashville-bomb-att-building-rv-explosion,Did a Missile Blow Up the AT&T Building in Nashville?,No.,30-12-2020
59,https://factcheck.thedispatch.com/p/will-those-who-get-vaccinated-against,Will Those Who Get Vaccinated Against COVID-19 Be Injected With a Microchip?,No.,28-12-2020
60,https://factcheck.thedispatch.com/p/did-congress-give-itself-a-40000,"Did Congress Give Itself a $40,000 Raise?",No.,28-12-2020
61,https://factcheck.thedispatch.com/p/did-the-covid-vaccine-cause-a-nurse,Did the COVID Vaccine Cause a Nurse to Faint?,A viral video is missing context.,24-12-2020
62,https://factcheck.thedispatch.com/p/fact-check-debunking-donald-trumps,Fact Check: Debunking Donald Trump’s Claims About Voter Fraud,"In a video, the president repeated numerous false and debunked claims about the election.",24-12-2020
63,https://factcheck.thedispatch.com/p/did-joe-biden-receive-millions-more,Did Joe Biden Receive Millions More Votes Than There Were Eligible Voters?,No.,22-12-2020
64,https://factcheck.thedispatch.com/p/does-joe-bidens-family-have-connections,Does Joe Biden’s Family Have Connections to Dominion Voting Systems?,No.,22-12-2020
65,https://factcheck.thedispatch.com/p/does-a-photo-show-nancy-pelosi-ignoring,Does a Photo Show Nancy Pelosi Ignoring Social Distancing Guidelines?,No. It was taken in January 2020.,18-12-2020
66,https://factcheck.thedispatch.com/p/did-john-roberts-vacation-on-jeffrey,Did John Roberts Vacation on Jeffrey Epstein’s Island?,No.,18-12-2020
67,https://factcheck.thedispatch.com/p/has-the-ama-rescinded-its-guidance,Has the AMA Rescinded Its Guidance Against Prescribing Hydroxychloroquine?,No.,18-12-2020
68,https://factcheck.thedispatch.com/p/will-the-supreme-court-hear-the-texas,Will the Supreme Court Hear the Texas Case if the State Files It Differently?,No.,18-12-2020
69,https://factcheck.thedispatch.com/p/is-a-trump-critic-in-charge-of-who,Is a Trump Critic ‘In Charge of Who Can Become a Facebook Fact-Checker’?,No.,17-12-2020
70,https://factcheck.thedispatch.com/p/fact-check-explaining-the-six-deaths,Fact Check: Explaining the Six Deaths Recorded During Pfizer/BioNTech’s Phase III Trial,"More deaths took place in the placebo group than the vaccine group, and an FDA report indicates they are not related to the vaccine.",12-12-2020
71,https://factcheck.thedispatch.com/p/melissa-carone-michigan-dominion-debunked,Did Detroit Poll Workers Scan the Same Ballots Over and Over?,No.,10-12-2020
72,https://factcheck.thedispatch.com/p/has-a-candidate-ever-lost-florida,Has a Candidate Ever Lost Florida and Ohio but Won the Election?,Yes: John F. Kennedy.,09-12-2020
73,https://factcheck.thedispatch.com/p/did-a-georgia-county-use-sequestered,Did a Georgia County Use ‘Sequestered’ Machines to ‘Break the Dominion Algorithm’?,No.,08-12-2020
74,https://factcheck.thedispatch.com/p/does-bill-barr-have-connections-to,Does Bill Barr Have Connections to Dominion Voting Systems?,No.,04-12-2020
75,https://factcheck.thedispatch.com/p/did-a-dominion-technician-manipulate,Did a Dominion Technician Manipulate Voting Data in Gwinnett County?,No.,04-12-2020
76,https://factcheck.thedispatch.com/p/does-anthony-fauci-have-ties-to-moderna,Does Anthony Fauci Have Ties to Moderna?,No.,04-12-2020
77,https://factcheck.thedispatch.com/p/fact-check-addressing-claims-that,Fact Check: Addressing Claims That Joe Biden’s Vote Total Is Suspicious,Trump supporters have suggested it's unlikely or impossible that the Democratic nominee got 80 million votes.,02-12-2020
78,https://factcheck.thedispatch.com/p/was-donald-trump-denied-an-orderly,Was Donald Trump Denied an Orderly Transition?,No.,01-12-2020
79,https://factcheck.thedispatch.com/p/why-did-a-georgia-judge-reverse-an,Why Did a Georgia Judge Reverse an Order to Impound and Preserve Voting Machines?,The suit named the wrong defendants.,01-12-2020
80,https://factcheck.thedispatch.com/p/is-youtube-censoring-videos-that,Is YouTube Censoring Videos That Encourage People to Take Natural Supplements?,Not unless the videos claim that such supplements can cure COVID-19.,30-11-2020
81,https://factcheck.thedispatch.com/p/can-justice-alito-overturn-pennsylvania,Can Justice Alito Overturn Pennsylvania Supreme Court Decisions By Himself?,No. Claims about circuit assignments for justices are misleading.,30-11-2020
82,https://factcheck.thedispatch.com/p/fact-check-debunking-several-claims,Fact Check: Debunking Several Claims by Diamond and Silk,"Voting was never stopped, vote-counting didn’t come “to a screeching halt,” and data irregularities in unofficial vote reporting do not prove discrepan…",30-11-2020
83,https://factcheck.thedispatch.com/p/did-pennsylvania-have-more-mail-in,Did Pennsylvania Have More Mail-In Ballots Recorded Than Were Requested?,No.,30-11-2020
84,https://factcheck.thedispatch.com/p/did-joe-bidens-thanksgiving-address,"Did Joe Biden’s Thanksgiving Address Receive Only 1,000 Views?",No.,27-11-2020
85,https://factcheck.thedispatch.com/p/fact-check-addressing-president-trumps,Fact Check: Addressing President Trump’s Claims About Rejected Georgia Ballots,The rejection rate for absentee ballots was on par with past elections.,24-11-2020
86,https://factcheck.thedispatch.com/p/was-george-soros-arrested-for-election,Was George Soros Arrested for Election Interference?,No.,23-11-2020
87,https://factcheck.thedispatch.com/p/were-there-more-votes-than-people,Were There ‘More Votes Than People’ in Detroit?,No.,20-11-2020
88,https://factcheck.thedispatch.com/p/does-dominion-voting-systems-have,Fact Check: A Close Look at Team Trump's Dominion Conspiracies,The legal team is making unfounded claims to say that the election was stolen.,20-11-2020
89,https://factcheck.thedispatch.com/p/was-a-biden-staffer-arrested-for,Was a Biden Staffer Arrested for Voter Fraud?,No.,18-11-2020
90,https://factcheck.thedispatch.com/p/is-a-member-of-bidens-transition,Is a Member of Biden’s Transition Team the Chairman of Dominion Voting Systems?,No.,18-11-2020
91,https://factcheck.thedispatch.com/p/did-a-postal-worker-witness-ballot,Did a Postal Worker Witness Ballot Tampering in Pennsylvania?,A man who appeared in a Project Veritas video has changed his story several times.,17-11-2020
92,https://factcheck.thedispatch.com/p/explaining-the-conspiracy-theories,Explaining the Conspiracy Theories About ‘Computers’ Stealing the Election for Joe Biden,Rounding up our fact checks from the last week.,15-11-2020
93,https://factcheck.thedispatch.com/p/fact-check-addressing-yet-more-claims,Fact Check: Addressing Yet More Claims About Dominion Voting Systems,Sean Hannity raised questions about a machine that is not being used in Michigan and Georgia.,14-11-2020
94,https://factcheck.thedispatch.com/p/is-that-definitely-trump-posing-as,Is That ‘Definitely Trump’ Posing as an Anonymous Poll Worker in a Laura Ingraham Interview?,No. It’s satire.,12-11-2020
95,https://factcheck.thedispatch.com/p/did-edison-research-find-that-states,Did Edison Research Find That Dominion Deleted Trump Votes or Switched Votes to Biden?,No.,12-11-2020
96,https://factcheck.thedispatch.com/p/fact-check-more-false-claims-about,Fact Check: More False Claims About Dominion Voting Systems,A map implies that the software is used only in states that President Trump is contesting.,12-11-2020
97,https://factcheck.thedispatch.com/p/fact-check-debunking-the-hammer-and,Fact Check: Debunking the Hammer and Scorecard Conspiracy Theory,There is no evidence of a supercomputer changing Trump votes to Biden votes.,12-11-2020
98,https://factcheck.thedispatch.com/p/is-dick-cheney-advising-president,Is Dick Cheney Advising President-Elect Biden?,No.,11-11-2020
99,https://factcheck.thedispatch.com/p/did-cnn-downplay-the-covid-risk-of,Did CNN Downplay the COVID Risk of Pro-Biden Celebrations?,The term ‘superspreader’ was not used but coverage noted the lack of social distancing.,10-11-2020
100,https://factcheck.thedispatch.com/p/did-the-washington-times-run-a-president,Did the Washington Times Run a ‘President Gore’ Cover the Day After the 2000 Election?,No.,10-11-2020
101,https://factcheck.thedispatch.com/p/fact-check-explaining-the-false-allegations,Fact Check: Explaining the False Allegations About Dominion Voting Systems,The vote-counting software has been the subject of conspiracy theories about Democrats ‘stealing the election.’,10-11-2020
102,https://factcheck.thedispatch.com/p/did-realclearpolitics-rescind-a-projection,Did RealClearPolitics Rescind a Projection That Biden Won Pennsylvania?,The site has not made a call on the outcome of the Keystone state.,10-11-2020
103,https://factcheck.thedispatch.com/p/does-operation-warp-speed-deserve,Does Operation Warp Speed Deserve Credit for Pfizer’s Success in Developing a COVID Vaccine?,"The pharma giant did not take federal money for research and development, but it did sign an advance purchase agreement.",10-11-2020
104,https://factcheck.thedispatch.com/p/do-viral-videos-show-poll-workers,Do Viral Videos Show Poll Workers Filling Out Empty Ballots?,"Workers are transcribing votes from damaged ballots onto clean ones, and they are being watched by bipartisan poll workers.",07-11-2020
105,https://factcheck.thedispatch.com/p/did-michigans-election-website-show,Did Michigan’s Election Website Show Donald Trump Winning the State?,Nope.,06-11-2020
106,https://factcheck.thedispatch.com/p/does-a-video-show-someone-burning,Does a Video Show Someone Burning Ballots With Votes for Trump?,No.,05-11-2020
107,https://factcheck.thedispatch.com/p/did-philadelphia-really-report-23277,"Did Philadelphia Really Report ‘23,277 votes … all for Biden' in One Update?","Yes, but it’s not unusual.",05-11-2020
108,https://factcheck.thedispatch.com/p/have-40000-absentee-ballots-been,"Have 40,000 Absentee Ballots Been Rejected in One Georgia County?",No.,05-11-2020
109,https://factcheck.thedispatch.com/p/did-wisconsin-turnout-exceed-the,"
Did Wisconsin Turnout Exceed the Number of Registered Voters?",No.,05-11-2020
110,https://factcheck.thedispatch.com/p/did-michigan-magically-find-138339,"Did Michigan 'Magically' Find 138,339 Votes for Joe Biden?",No.,04-11-2020
111,https://factcheck.thedispatch.com/p/did-arizona-poll-workers-give-out,Did Arizona Poll Workers Give Out Sharpies To Prevent Votes From Being Registered?,The state’s tabulating machines can read Sharpie ink just fine.,04-11-2020
112,https://factcheck.thedispatch.com/p/did-a-caravan-of-trump-supporters,Did a Caravan of Trump Supporters Block Access to a Polling Location?,Yes.,03-11-2020
113,https://factcheck.thedispatch.com/p/fact-check-sean-hannity-takes-a-tweet,Fact Check: Sean Hannity Takes a Tweet by Rep. Ilhan Omar Out of Context,Minnesota has same-day voter registration.,03-11-2020
114,https://factcheck.thedispatch.com/p/did-a-poll-worker-in-pennsylvania,Did a Poll Worker in Pennsylvania Throw Away Trump Ballots?,The Erie County Voter Registration Office says the man behind a viral post is not registered in the state.,03-11-2020
115,https://factcheck.thedispatch.com/p/are-doctors-profiting-by-reporting,Are Doctors Profiting by Reporting That ‘Everybody Dies of COVID’?,Hospitals do get a premium for treating COVID patients but there is no evidence deaths are being inflated.,03-11-2020
116,https://factcheck.thedispatch.com/p/did-joe-biden-not-wear-a-mask-on,Did Joe Biden Not Wear a Mask on a Plane?,"A viral photograph is from November 2019, before the pandemic.",02-11-2020
117,https://factcheck.thedispatch.com/p/did-almost-nobody-show-up-to-a-kamala,Did ‘Almost Nobody’ Show Up to a Kamala Harris Event in North Carolina?,The campaign stop was not open to the public.,31-10-2020
118,https://factcheck.thedispatch.com/p/did-youtube-remove-tucker-carlsons,Did YouTube Remove Tucker Carlson’s Full Interview With Tony Bobulinski?,Fox News’s excerpt is still available. One video was blocked by Fox News itself over copyright infringement.,31-10-2020
119,https://factcheck.thedispatch.com/p/did-twitter-remove-a-post-from-a,Did Twitter Remove a Post From a Right-Wing Comedian?,No.,31-10-2020
120,https://factcheck.thedispatch.com/p/does-a-photograph-show-that-joe-biden,Does a Photograph Show That Joe Biden Met the CEO of Burisma?,No.,30-10-2020
121,https://factcheck.thedispatch.com/p/did-kayleigh-mcenany-give-lesley,Did Kayleigh McEnany Give Lesley Stahl a ‘Binder of Blank Pages’?,No.,30-10-2020
122,https://factcheck.thedispatch.com/p/will-your-ballot-be-thrown-out-if,Will Your Ballot Be Thrown Out If It Arrives After Election Day?,"In many states, no.",30-10-2020
123,https://factcheck.thedispatch.com/p/does-originalism-mean-adhering-to,Does ‘Originalism’ Mean Adhering to the Three-Fifths Compromise?,No.,30-10-2020
124,https://factcheck.thedispatch.com/p/does-joe-biden-want-to-eliminate,Does Joe Biden Want to Eliminate Private Health Insurance?,No.,30-10-2020
125,https://factcheck.thedispatch.com/p/did-joe-biden-really-confuse-donald,Did Joe Biden Really Confuse Donald Trump With Abraham Lincoln?,It sure looks like sarcasm.,28-10-2020
126,https://factcheck.thedispatch.com/p/was-osama-bin-ladens-death-faked,Was Osama bin Laden's Death Faked? ,No.,28-10-2020
127,https://factcheck.thedispatch.com/p/did-kamala-harriss-husband-say-hes,Did Kamala Harris's Husband Say He's 'Married to the Next President of the United States'? ,"Yes—last year, during the presidential primary.",24-10-2020
128,https://factcheck.thedispatch.com/p/did-the-trump-administration-eliminate,Did the Trump Administration Eliminate Funding for Community Policing?,Joe Biden overstates budget cuts proposed by President Trump and ignores new sources of federal funding for law enforcement.,20-10-2020
129,https://factcheck.thedispatch.com/p/update-on-our-women-speak-out-pac,Update on Our Women Speak Out PAC Fact-check,Mea culpa.,16-10-2020
130,https://factcheck.thedispatch.com/p/did-joe-biden-throw-a-rally-but-no,Did Joe Biden Throw a Rally But No One Showed Up?,The Biden campaign is not doing large-scale in-person events.,15-10-2020
131,https://factcheck.thedispatch.com/p/does-a-photo-depict-nancy-pelosi,Does a Photo Depict Nancy Pelosi After a ‘Liquid Lunch’?,No.,15-10-2020
132,https://factcheck.thedispatch.com/p/is-donald-trump-facing-a-court-case,Is Donald Trump Facing a Court Case for Allegedly Raping a Teen in 1994?,No.,14-10-2020
133,https://factcheck.thedispatch.com/p/were-guests-at-trumps-white-house,Were Guests at Trump’s White House Event Paid and Required to Sign NDAs?,"No, though some had their travel expenses covered by a private organization.",14-10-2020
134,https://factcheck.thedispatch.com/p/is-joe-biden-descended-from-the-first,Is Joe Biden Descended From the First Irish-Catholic State Senator in Pennsylvania?,No.,12-10-2020
135,https://factcheck.thedispatch.com/p/does-joe-biden-want-to-ban-fracking,"
Does Joe Biden Want to Ban Fracking?","His written climate plans have been consistent, but his rhetoric has, at times, created confusion.",09-10-2020
136,https://factcheck.thedispatch.com/p/has-the-us-reduced-carbon-dioxide,Has the U.S. Reduced Carbon Dioxide Emissions More Than Countries Who Are in the Paris Clim…,It’s complicated.,09-10-2020
137,https://factcheck.thedispatch.com/p/was-trumps-antibody-cocktail-created,Was Trump’s Antibody Cocktail Created Through Research Using Embryonic Stem Cells?,No.,07-10-2020
138,https://factcheck.thedispatch.com/p/did-president-obama-issue-clemency,"Did President Obama Issue Clemency to 18,000 People?",A claim by Joe Biden is exaggerated by a factor of almost 10.,07-10-2020
139,https://factcheck.thedispatch.com/p/is-the-government-going-to-force,Is the Government Going to ‘Force a Coronavirus Vaccine on Everyone?’,No.,07-10-2020
140,https://factcheck.thedispatch.com/p/do-flu-deaths-ever-top-100000,"Do Flu Deaths Ever Top 100,000?",President Trump compares flu and COVID deaths in a tweet.,06-10-2020
141,https://factcheck.thedispatch.com/p/did-chris-wallace-vacation-with-jeffrey,Did Chris Wallace Vacation with Jeffrey Epstein?,No.,05-10-2020
142,https://factcheck.thedispatch.com/p/did-mail-carriers-discard-the-pennsylvania,Did Mail Carriers Discard the Pennsylvania Ballots Subject to FBI and DoJ Investigation?,No.,30-09-2020
143,https://factcheck.thedispatch.com/p/did-a-sheriff-in-oregon-endorse-donald,Did a Sheriff in Oregon Endorse Donald Trump?,No.,30-09-2020
144,https://factcheck.thedispatch.com/p/what-floridas-reopening-order-doesand,What Florida’s Reopening Order Does—And Doesn’t—Do,Some regulations are still left to local officials.,29-09-2020
145,https://factcheck.thedispatch.com/p/clearing-up-what-happened-with-the,Clearing Up What Happened With the Discarded Pennsylvania Ballots,The initial scant details led to the spread of misinformation.,28-09-2020
146,https://factcheck.thedispatch.com/p/is-blm-funneling-money-from-china,Is BLM Funneling Money From China to the Democrats?,No.,25-09-2020
147,https://factcheck.thedispatch.com/p/does-amy-coney-barrett-want-to-end,Does Amy Coney Barrett Want to ‘End the Separation of Church and State’?,There is no evidence to support the claim.,24-09-2020
148,https://factcheck.thedispatch.com/p/did-joe-biden-garble-the-pledge-of,Did Joe Biden Garble the Pledge of Allegiance?,Always remember to watch the whole video.,23-09-2020
149,https://factcheck.thedispatch.com/p/did-trump-tweet-in-2016-that-obama,Did Trump Tweet in 2016 That Obama Shouldn’t Nominate a Supreme Court Justice?,No.,22-09-2020
150,https://factcheck.thedispatch.com/p/how-long-has-donald-trump-been-calling,How Long Has Donald Trump Been Calling on Biden to Name His Supreme Court List?,A good while longer than Biden claimed this weekend.,22-09-2020
151,https://factcheck.thedispatch.com/p/no-minneapolis-has-not-defunded-the,"No, Minneapolis Has Not ‘Defunded the Police’",A tweet and headline from the New York Post oversimplify the actions that the Minneapolis City Council has taken.,18-09-2020
152,https://factcheck.thedispatch.com/p/did-cbs-conflate-a-latinos-for-trump,Did CBS Conflate a Latinos for Trump Rally With a Biden Event?,Let’s go to the videotape.,17-09-2020
153,https://factcheck.thedispatch.com/p/did-joe-biden-play-f-tha-police-at,Did Joe Biden Play ‘F*** tha Police’ at a Campaign Event?,Nope.,16-09-2020
154,https://factcheck.thedispatch.com/p/did-jeffrey-goldberg-confess-that,Did Jeffrey Goldberg ‘Confess’ That His Atlantic Article About Trump Could Be False?,No.,15-09-2020
155,https://factcheck.thedispatch.com/p/was-president-trumps-nobel-peace,Was President Trump’s Nobel Peace Prize Nomination Forged?,Not this time.,14-09-2020
156,https://factcheck.thedispatch.com/p/did-hillary-clinton-give-andy-mccabes,"Did Hillary Clinton Give Andy McCabe’s Wife $700,000 for a Campaign?",No. There are a number of false statements in a tweet by President Trump.,14-09-2020
157,https://factcheck.thedispatch.com/p/did-kayleigh-mcenany-claim-obama,Did Kayleigh McEnany Claim Obama Promised a COVID Vaccine?,No.,11-09-2020
158,https://factcheck.thedispatch.com/p/was-rush-limbaugh-a-nobel-peace-prize,Was Rush Limbaugh a Nobel Peace Prize Nominee in 2007?,Not really.,11-09-2020
159,https://factcheck.thedispatch.com/p/will-kids-in-los-angeles-be-allowed,Will Kids in Los Angeles Be Allowed to Trick-or-Treat?,Yes. Claims that say otherwise are outdated.,10-09-2020
160,https://factcheck.thedispatch.com/p/did-donald-trump-and-colin-kaepernick,Did Donald Trump and Colin Kaepernick Have a Twitter Spat?,"Beware satire, folks.",09-09-2020
161,https://factcheck.thedispatch.com/p/did-someone-from-nike-say-the-company,Did Someone From Nike Say the Company Can Afford to Lose ‘MAGA Customers’?,No.,09-09-2020
162,https://factcheck.thedispatch.com/p/does-a-video-show-president-trump,Does a Video Show President Trump Wandering Around Disoriented?,The video has been edited to leave out important context.,08-09-2020
163,https://factcheck.thedispatch.com/p/did-more-people-watch-the-rnc-than,Did More People Watch the RNC Than the DNC?,"Because online streaming numbers are not tracked by an objective source, it's impossible to know.",04-09-2020
164,https://factcheck.thedispatch.com/p/what-this-viral-post-gets-wrong-about,What This Viral Post Gets Wrong About the Kenosha Shootings,It claims a protester tried to ‘take on a man protecting his business with an AR rifle.’,31-08-2020
165,https://factcheck.thedispatch.com/p/what-was-hunter-biden-up-to-on-a,What Was Hunter Biden Up To on a 2013 Trip to China?,Claims by Pam Bondi that he met with ‘Chinese bank partners’ are partially true.,27-08-2020
166,https://factcheck.thedispatch.com/p/has-joe-biden-failed-to-condemn-violent,Has Joe Biden Failed to Condemn Violent Protests and Looting?,No.,27-08-2020
167,https://factcheck.thedispatch.com/p/will-covid-vaccine-holdouts-in-australia,"Will COVID Vaccine Holdouts in Australia Be Banned From Travel, Restaurants, or School?","Some restrictions have been suggested but not imposed, and officials say they have no enforcement mechanism.",27-08-2020
168,https://factcheck.thedispatch.com/p/did-facebook-ban-president-trumps,Did Facebook Ban President Trump’s Campaign From Advertising?,It removed certain posts for violating community standards but did not ban the campaign from purchasing ads.,25-08-2020
169,https://factcheck.thedispatch.com/p/did-democrats-remove-under-god-from,Did Democrats Remove ‘Under God’ From the Pledge of Allegiance at the DNC?,Not in the way President Trump has claimed.,24-08-2020
170,https://factcheck.thedispatch.com/p/was-joe-bidens-speech-recorded-rather,Was Joe Biden’s Speech Recorded Rather Than Delivered Live?,No.,24-08-2020
171,https://factcheck.thedispatch.com/p/does-an-arizona-superintendent-want,Does an Arizona Superintendent Want Kindergartners Learning ‘Sexual Positions’?,"No. Plus, such decisions are left to local school boards.",21-08-2020
172,https://factcheck.thedispatch.com/p/did-barack-obama-mock-the-flint-water,Did Barack Obama Mock the Flint Water Crisis?,No.,21-08-2020
173,https://factcheck.thedispatch.com/p/is-a-shadow-government-seeking-a,Is a ‘Shadow Government’ Seeking a Coup Against President Trump?,That is just one outlandish claim in a new documentary from an InfoWars correspondent.,19-08-2020
174,https://factcheck.thedispatch.com/p/did-trump-say-he-would-go-to-prison,Did Trump Say He Would ‘Go to Prison’ if Biden Were Elected?,No.,18-08-2020
175,https://factcheck.thedispatch.com/p/is-kamala-harris-described-as-caucasian,Is Kamala Harris Described as ‘Caucasian’ on Her Birth Certificate?,No.,17-08-2020
176,https://factcheck.thedispatch.com/p/did-bill-de-blasio-cancel-the-annual,Did Bill de Blasio Cancel the Annual Tribute in Light?,"No, and after public outcry, the event has been restored with extra protections for workers.",17-08-2020
177,https://factcheck.thedispatch.com/p/did-kamala-harris-frame-and-prosecute,Did Kamala Harris Frame and Prosecute a Man for Murder?,"No. The man won a civil suit after his conviction was overturned, but Harris did not try his case and was not named in his lawsuit.",14-08-2020
178,https://factcheck.thedispatch.com/p/does-the-postmaster-general-have,Does the Postmaster General Have $70 Million Invested in USPS Competitors?,Not competitors. But his financial disclosures could indicate a possible conflict of interest.,12-08-2020
179,https://factcheck.thedispatch.com/p/did-hillary-clintons-emails-include,Did Hillary Clinton’s Emails Include Evidence of Child Sex Trafficking?,No.,12-08-2020
180,https://factcheck.thedispatch.com/p/does-donald-trump-want-the-pandemic,Does Donald Trump Want the Pandemic to Shut Down the NFL Season?,A headline distorts a statement he made.,12-08-2020
181,https://factcheck.thedispatch.com/p/did-ben-shapiro-create-a-fake-antifa,Did Ben Shapiro Create a Fake Antifa Recruitment Site?,No.,11-08-2020
182,https://factcheck.thedispatch.com/p/does-anthony-fauci-own-half-the-patent,Does Anthony Fauci Own ‘Half the Patent’ for Moderna’s COVID Vaccine?,No.,07-08-2020
183,https://factcheck.thedispatch.com/p/was-the-beirut-explosion-a-bombing,Was the Beirut Explosion a ‘Bombing’ or an ‘Attack’? Or Just an Accident?,It’s too early to tell.,06-08-2020
184,https://factcheck.thedispatch.com/p/the-truth-about-a-viral-ted-cruz,The Truth About a Viral Ted Cruz Quote About Christian Voters,"It's real, but it refers to the 2012 election, not 2016.",05-08-2020
185,https://factcheck.thedispatch.com/p/did-the-postmaster-general-order,Did the Postmaster General Order Postal Workers to Slow Down the Mail?,"USPS is working through new policies that have resulted in slower delivery times, but the delays are not intentional.",04-08-2020
186,https://factcheck.thedispatch.com/p/is-bill-gatess-mom-related-to-ghislaine,Is Bill Gates’s Mom Related to Ghislaine Maxwell? ,No.,31-07-2020
187,https://factcheck.thedispatch.com/p/did-regis-philbin-leave-20-million,Did Regis Philbin Leave $20 Million to the Trump Campaign?,Satire alert.,31-07-2020
188,https://factcheck.thedispatch.com/p/is-the-hpv-vaccine-gardasil-dangerous,Is the HPV Vaccine Gardasil Dangerous?,A viral Facebook post making such claims misrepresents some statistics and makes up others.,30-07-2020
189,https://factcheck.thedispatch.com/p/is-the-nfl-donating-250-million-to,Is the NFL Donating $250 Million to Black Lives Matter?,"The total is an accurate accounting of the NFL's pledge to 'social justice efforts,' but the money will not be going to just one group.",29-07-2020
190,https://factcheck.thedispatch.com/p/has-aldi-stopped-requiring-customers,Has Aldi Stopped Requiring Customers to Wear Masks?,No.,29-07-2020
191,https://factcheck.thedispatch.com/p/was-tom-hanks-arrested-for-pedophilia,Was Tom Hanks Arrested for Pedophilia in Australia?,No.,28-07-2020
192,https://factcheck.thedispatch.com/p/is-the-federal-government-sending,Is the Federal Government Sending Private Security Forces into Portland?,No.,28-07-2020
193,https://factcheck.thedispatch.com/p/did-black-lives-matter-protesters,Did Black Lives Matter Protesters Deface a Vietnam War Memorial?,A viral social media post claiming so is using a photo from 2016.,27-07-2020
194,https://factcheck.thedispatch.com/p/is-there-a-connection-between-jeffrey,Is There a Connection Between Jeffrey Epstein and … SpongeBob SquarePants?,No.,23-07-2020
195,https://factcheck.thedispatch.com/p/is-a-viral-quote-about-liberals-and,Is a Viral Quote About Liberals and Conservatives Attributable to Teddy Roosevelt?,No.,23-07-2020
196,https://factcheck.thedispatch.com/p/did-the-new-york-times-publish-tucker,Did the New York Times Publish Tucker Carlson’s Address?,No.,22-07-2020
197,https://factcheck.thedispatch.com/p/was-the-trump-campaign-going-to-use,Was the Trump Campaign Going to Use ‘Spy Gadgets’ on a Blimp to Collect Voter Data?,"Well, there were plans for a blimp ...",21-07-2020
198,https://factcheck.thedispatch.com/p/did-ronald-reagan-warn-that-democrats,Did Reagan Say Dems Would ‘Restrict Your Freedoms … in the Name of Professional Victims’?,No.,20-07-2020
199,https://factcheck.thedispatch.com/p/did-joe-biden-introduce-a-man-in,Did Joe Biden Introduce a Man in Blackface Makeup as Michael Jackson?,No.,17-07-2020
200,https://factcheck.thedispatch.com/p/is-it-illegal-for-businesses-to-refuse,Is It Illegal for Businesses to Refuse to Accept Cash?,"In most places, no.",16-07-2020
201,https://factcheck.thedispatch.com/p/did-dr-fauci-melinda-gates-and-barack,"Did Dr. Fauci, Melinda Gates, and Barack Obama Visit a Wuhan Lab in 2015?",No.,15-07-2020
202,https://factcheck.thedispatch.com/p/what-has-dr-fauci-said-publicly-about,What Has Dr. Fauci Said Publicly About the Widespread Protests?,"While he has expressed concern and called for mask-wearing, it’s true he never called for them to be disbanded.",15-07-2020
203,https://factcheck.thedispatch.com/p/what-are-the-real-stats-on-black,What Are the Real Stats on Black vs. White Violence and Police Shootings?,For accurate numbers look to the FBI and not viral memes.,14-07-2020
204,https://factcheck.thedispatch.com/p/is-the-cdc-about-to-downgrade-coronavirus,Is the CDC About to Downgrade Coronavirus From ‘Epidemic’ Status?,No.,10-07-2020
205,https://factcheck.thedispatch.com/p/how-do-police-deaths-in-the-line,How Do Police Deaths in the Line of Duty Compare to Police Shooting Deaths of Suspects?,An Instagram post about the numbers uses a combination of outdated and misleading information.,09-07-2020
206,https://factcheck.thedispatch.com/p/do-masks-make-it-impossible-to-breathe,Do Masks Make It Impossible to Breathe in Enough Oxygen?,"Once and for all, no.",02-07-2020
207,https://factcheck.thedispatch.com/p/has-trey-gowdy-made-claims-describing,Has Trey Gowdy Made Claims Describing a Conspiracy Against Trump?,No.,02-07-2020
208,https://factcheck.thedispatch.com/p/is-a-muslim-group-preparing-to-patrol,Is a Muslim Group Preparing to Patrol Streets in Minneapolis?,No.,29-06-2020
209,https://factcheck.thedispatch.com/p/did-the-trump-campaign-hire-gig-actors,Did the Trump Campaign Hire Gig Actors to Inflate the Attendance at His Tulsa Rally?,"There is no evidence to support the claim, but there is evidence that contradicts other claims about boosting attendance.",26-06-2020
210,https://factcheck.thedispatch.com/p/did-aoc-tweet-about-wanting-to-keep,Did AOC Tweet About Wanting to Keep the Economy Closed to Hurt Trump?,No.,25-06-2020
211,https://factcheck.thedispatch.com/p/does-an-air-purifier-used-at-the,Does an Air Purifier Used at the Site of Trump’s Phoenix Rally Kill ‘99.9 Percent of COVID’?,Probably not.,24-06-2020
212,https://factcheck.thedispatch.com/p/was-the-original-aunt-jemima-a-millionaire,Was the Original ‘Aunt Jemima’ a Millionaire Entrepreneur?,No.,23-06-2020
213,https://factcheck.thedispatch.com/p/did-joe-biden-have-a-nearly-empty,Did Joe Biden Have a Nearly Empty ‘Rally’?,No.,22-06-2020
214,https://factcheck.thedispatch.com/p/president-trump-tweets-a-video-decrying,President Trump Tweets a Video Decrying ‘Fake News.’ The Video Itself Was Manipulated.,It did not depict a 'terrified toddler' running from a 'racist baby.',19-06-2020
215,https://factcheck.thedispatch.com/p/did-radical-dems-sue-to-stop-trumps,Did ‘Radical Dems’ Sue to Stop Trump’s Rally This Weekend?,No.,18-06-2020
216,https://factcheck.thedispatch.com/p/did-the-heritage-foundation-say-that,Did the Heritage Foundation Say That the 2017 Tax Cuts ‘Didn’t Grow the Economy’?,No.,15-06-2020
217,https://factcheck.thedispatch.com/p/is-black-lives-matter-a-shell-company,Is Black Lives Matter a ‘Shell Company’ for a Liberal Super PAC?,No.,12-06-2020
218,https://factcheck.thedispatch.com/p/did-kayleigh-mcenany-diminish-aocs,Did Kayleigh McEnany Diminish AOC's Status as a Congresswoman?,No.,10-06-2020
219,https://factcheck.thedispatch.com/p/does-joe-biden-want-to-defund-the,Does Joe Biden Want to ‘Defund the Police’?,No. His campaign website has long called for further funding to increase diversity and add oversight.,09-06-2020
220,https://factcheck.thedispatch.com/p/did-twitter-censor-a-video-from-the,Did Twitter Censor a Video From the Trump Campaign?,The video was removed over a copyright complaint.,08-06-2020
221,https://factcheck.thedispatch.com/p/did-donald-trump-mock-i-cant-breathe,Did Donald Trump Mock ‘I Can’t Breathe’?,"The incident in question dates to February. So, no.",07-06-2020
222,https://factcheck.thedispatch.com/p/did-trump-say-he-hoped-george-floyd,"Did Trump Say He Hoped George Floyd, Looking Down From Heaven, Is Happy About Job Numbers?",No.,05-06-2020
223,https://factcheck.thedispatch.com/p/did-lego-pull-products-featuring,Did Lego Pull Products Featuring Police and Rescue Workers?,No.,04-06-2020
224,https://factcheck.thedispatch.com/p/was-trump-mimicking-a-photo-of-hitler,Was Trump Mimicking a Photo of Hitler When He Posed With the Bible?,No.,03-06-2020
225,https://factcheck.thedispatch.com/p/was-joe-biden-warning-about-coronavirus,Was Joe Biden Warning About Coronavirus Back in January? ,"Yes, but he also continued holding events until March 10.",02-06-2020
226,https://factcheck.thedispatch.com/p/is-voter-registration-in-los-angeles,Is Voter Registration in Los Angeles County at 112 Percent?,It’s complicated.,01-06-2020
227,https://factcheck.thedispatch.com/p/is-there-a-photo-of-derek-chauvin,Is There a Photo of Derek Chauvin Wearing a ‘Make Whites Great Again’ Hat?,A photo being widely circulated is of another individual altogether.,28-05-2020
228,https://factcheck.thedispatch.com/p/did-trump-spend-memorial-day-golfing,Did Trump Spend Memorial Day Golfing?,He golfed during the weekend but not on the holiday itself.,27-05-2020
229,https://factcheck.thedispatch.com/p/did-nikki-haley-say-the-confederate,"Did Nikki Haley Say the Confederate Flag Represented ‘Service, Sacrifice, and Heritage’?","Yes, but context matters.",26-05-2020
230,https://factcheck.thedispatch.com/p/is-trump-implementing-covid-relief,Is Trump Implementing COVID Relief Efforts With ‘No Oversight’?,A claim by Joe Biden is inaccurate.,22-05-2020
231,https://factcheck.thedispatch.com/p/did-nancy-pelosi-try-to-overturn,Did Nancy Pelosi Try to Overturn Trump’s Ban on Travel From China?,No.,21-05-2020
232,https://factcheck.thedispatch.com/p/will-coronavirus-magically-all-of,Will Coronavirus 'Magically All of a Sudden Go Away' After The Election?,"Medical experts say, contrary to claims by Eric Trump, that a resurgence of the virus in the fall is 'inevitable.'",19-05-2020
233,https://factcheck.thedispatch.com/p/did-dr-fauci-disagree-with-trumps,Did Dr. Fauci Disagree With Trump’s Decision to Curtail Travel From China?,No.,14-05-2020
234,https://factcheck.thedispatch.com/p/did-the-obama-administration-leave,Did the Obama Administration Leave Behind Any Kind of Pandemic Plan?,"Yes, it did.",13-05-2020
235,https://factcheck.thedispatch.com/p/did-60-minutes-wrongly-accuse-mike,Did 60 Minutes Wrongly Accuse Mike Pompeo of Reviving a Debunked Theory About Coronavirus?,It's complicated.,12-05-2020
236,https://factcheck.thedispatch.com/p/do-90-percent-of-covid-19-patients,Do 90 Percent of COVID-19 Patients Treated With Hydroxychloroquine Recover Successfully?,No.,11-05-2020
237,https://factcheck.thedispatch.com/p/did-mike-pence-carry-empty-boxes,Did Mike Pence Carry Empty Boxes of PPE Into a Facility as a Publicity Stunt?,A Jimmy Kimmel segment was edited to leave out important context.,08-05-2020
238,https://factcheck.thedispatch.com/p/did-cbs-news-stage-a-fake-testing,Did CBS News Stage a ‘Fake Testing Line’ at a Michigan Hospital?,Some staging might have happened but there is no evidence that CBS was involved.,07-05-2020
239,https://factcheck.thedispatch.com/p/does-the-ihme-covid-19-projection,Does the IHME COVID-19 Projection ‘Assume No Mitigation’ as Trump Claims?,No.,06-05-2020
240,https://factcheck.thedispatch.com/p/are-we-including-all-deaths-of-coronavirus,"Are We Including ‘All Deaths’ of Coronavirus Patients in the Death Toll, Even If They Died …",No.,01-05-2020
241,https://factcheck.thedispatch.com/p/is-the-trump-administration-selling,Is the Trump Administration Selling Coronavirus Commemorative Coins?,No. The ‘White House Gift Shop’ is not actually affiliated with the White House.,01-05-2020
242,https://factcheck.thedispatch.com/p/does-trump-owe-millions-of-dollars,Does Trump Owe Millions of Dollars to the Bank of China?,Joe Biden repeats a claim from an erroneous news story.,30-04-2020
243,https://factcheck.thedispatch.com/p/did-youtube-remove-a-video-about,Did YouTube Remove a Video About a Potential Coronavirus Treatment to Make Trump Look Bad?,"No, the video depicted a treatment that has not received FDA approval.",28-04-2020
244,https://factcheck.thedispatch.com/p/have-nearly-90-percent-of-intubated,Have Nearly 90 Percent of Intubated Coronavirus Patients in New York Died?,The headlines about a peer-reviewed study have caused confusion.,27-04-2020
245,https://factcheck.thedispatch.com/p/was-trump-asking-a-sarcastic-question,Was Trump Asking a ‘Sarcastic Question’ When He Discussed Disinfectants at a Press Briefing?,It’s safe to say he wasn’t.,26-04-2020
246,https://factcheck.thedispatch.com/p/did-chris-cuomo-stay-in-his-basement,Did Chris Cuomo Stay In His Basement for ‘Several Weeks’ While Recovering From Coronavirus?,No.,23-04-2020
247,https://factcheck.thedispatch.com/p/was-the-cdc-director-totally-misquoted,Was the CDC Director ‘Totally Misquoted’ on the Risk of a Second Coronavirus Wave?,Nope.,22-04-2020
248,https://factcheck.thedispatch.com/p/did-bill-gates-test-unapproved-vaccines,Did Bill Gates Test Unapproved Vaccines on Children in Africa?,No.,22-04-2020
249,https://factcheck.thedispatch.com/p/did-steve-mnuchin-say-americans-can,"Did Steve Mnuchin Say Americans Can Live on $1,200 for 10 Weeks?","No, he did not.",18-04-2020
250,https://factcheck.thedispatch.com/p/did-the-world-health-organization,Did the World Health Organization 'Take China's Word' Early On in the Pandemic?,"Yes, actually.",16-04-2020
251,https://factcheck.thedispatch.com/p/did-the-media-minimize-the-risk-of,Did the Media ‘Minimize the Risk’ of Coronavirus Early On?,No more than the government did.,14-04-2020
252,https://factcheck.thedispatch.com/p/has-anyone-younger-than-25-died-from,Has Anyone Younger Than 25 Died From Coronavirus?,Yes.,10-04-2020
253,https://factcheck.thedispatch.com/p/do-40-percent-of-americans-have-less,Do 40 Percent of Americans Have Less Than $400 in the Bank?,That’s not what the study being cited says.,08-04-2020
254,https://factcheck.thedispatch.com/p/does-president-trump-have-an-interest,Does President Trump Have an Interest in the Company That Makes Hydroxychloroquine?,"Yes, but the most recent information shows it’s not significant.",08-04-2020
255,https://factcheck.thedispatch.com/p/was-there-evidence-of-asymptomatic,Was There Evidence of Asymptomatic Transmission of Coronavirus Before Last Week?,Yes.,06-04-2020
256,https://factcheck.thedispatch.com/p/did-president-trump-ban-travel-to,Did President Trump Ban Travel to the United States from China?,"No. Travel from China has been restricted, but even today there is no universal travel ban.",02-04-2020
257,https://factcheck.thedispatch.com/p/did-nancy-pelosi-request-a-raise,Did Nancy Pelosi Request a Raise Through the CARES Act?,No.,01-04-2020
258,https://factcheck.thedispatch.com/p/fact-check-update-revisiting-a-claim,Fact Check Update: Revisiting a Claim About the CDC’s Global Health Security Funding,Did the CDC reduce funding for epidemic preparation?,01-04-2020
259,https://factcheck.thedispatch.com/p/did-a-british-scientist-retract-his,"Did a British Scientist Retract His Prediction That the U.K. Would Have 500,000 Coronavirus…",No.,27-03-2020
260,https://factcheck.thedispatch.com/p/did-gov-cuomo-reject-a-recommendation,"Did Gov. Cuomo Reject a Recommendation in 2015 to Buy 16,000 Ventilators for a Possible Pan…",Not exactly.,25-03-2020
261,https://factcheck.thedispatch.com/p/was-the-flu-abnormally-bad-during,Was the Flu Abnormally Bad During December and January?,A Chinese propagandist tweets unsubstantiated rumors to imply coronavirus was here earlier.,23-03-2020
262,https://factcheck.thedispatch.com/p/has-donald-trump-always-known-coronavirus,Has Donald Trump ‘Always Known’ Coronavirus ‘Is a Pandemic’?,That’s not what his early statements on the outbreak indicate.,18-03-2020
263,https://factcheck.thedispatch.com/p/did-devin-nunes-misrepresent-his,Did Devin Nunes Misrepresent His Own Comments About Eating Out?,The California Republican claimed he was recommending drive-thru or takeout when he said 'it’s a great time to go out' on Sunday.,17-03-2020
264,https://factcheck.thedispatch.com/p/will-more-people-die-in-car-crashes,Will More People Die in Car Crashes This Year Than From Coronavirus?,"We can't know yet, but even low estimates for virus casualties are far higher.",16-03-2020
265,https://factcheck.thedispatch.com/p/is-the-united-states-testing-anybody,Is the United States Testing ‘Anybody’ Who Enters From Overseas for Coronavirus?,The president’s statement is contradicted by public information put out by the CDC.,13-03-2020
266,https://factcheck.thedispatch.com/p/matt-schlapp-makes-several-false,Matt Schlapp Makes Several False Claims About Coronavirus in TV Appearance,"The chairman of the ACU is wrong about testing windows, being asymptomatic, and contagion points.",12-03-2020
267,https://factcheck.thedispatch.com/p/did-joe-biden-believe-that-saddam,Did Joe Biden Believe That Saddam Hussein Had Weapons of Mass Destruction?,"Back in 2002, he said he did.",11-03-2020
268,https://factcheck.thedispatch.com/p/did-donald-trump-cut-the-cdc-budget,Did Donald Trump Cut the CDC Budget?,Overall funding has increased every year.,10-03-2020
269,https://factcheck.thedispatch.com/p/did-joe-biden-really-say-we-can-only,Did Joe Biden Really Say ‘We Can Only Re-Elect Donald Trump’? ,A deceptively edited video went viral thanks to Trump staffers and campaign accounts.,09-03-2020
270,https://factcheck.thedispatch.com/p/did-msnbc-report-that-the-democratic,Did MSNBC Report That the Democratic Party ‘Interfered in the Primaries to Stop’ Sanders? ,A tweet by activist Shaun King is a mixed bag.,06-03-2020
271,https://factcheck.thedispatch.com/p/are-38-percent-of-americans-avoiding,Are 38 Percent of Americans Avoiding Corona Beer Because of the Coronavirus?,A flawed survey is being misrepresented.,28-02-2020
272,https://factcheck.thedispatch.com/p/is-russia-behind-the-angry-bernie,Is Russia Behind the ‘Angry Bernie Bro’ Narrative?,It’s complicated.,22-02-2020
273,https://factcheck.thedispatch.com/p/did-mitt-romney-vote-to-convict-president,Did Mitt Romney Vote to Convict President Trump Because a Former Campaign Staffer Sat on Bu…,Evidence is lacking.,15-02-2020
274,https://factcheck.thedispatch.com/p/what-is-the-extent-of-mayor-petes,What Is the Extent of Mayor Pete’s Involvement With the App That Crashed the Iowa Caucuses?,It's not what some Bernie Sanders supporters would have you believe.,08-02-2020
275,https://factcheck.thedispatch.com/p/did-joe-biden-abuse-his-power-as,Did Joe Biden Abuse His Power as Vice President to Shield His Son From Legal Scrutiny?,No.,01-02-2020
276,https://factcheck.thedispatch.com/p/did-house-democrats-choose-not-to,Did House Democrats “Choose Not To” Call High-Level Trump Administration Officials in Their…,It’s not that simple.,21-01-2020
277,https://factcheck.thedispatch.com/p/did-trump-violate-the-2002-aumf-by,Did Trump Violate the 2002 AUMF by ‘Going Into Iran’?,A geography lesson.,17-01-2020
278,https://factcheck.thedispatch.com/p/are-democratic-leaders-and-presidential,Are Democratic Leaders and Presidential Candidates ‘Mourning’ Qassem Suleimani’s Death?,"No, they are not.",08-01-2020
279,https://factcheck.thedispatch.com/p/did-joe-biden-tout-our-european-culture,Did Joe Biden Tout ‘Our European Culture’ at a Rally?,"No, he did not.",04-01-2020
280,https://factcheck.thedispatch.com/p/have-all-of-president-trumps-judicial,"Have All of President Trump’s Judicial Appointees Been Straight, White Pro-Lifers?",It’s not every day we fact-check anonymous Twitter accounts with cartoons for avatars. But sometimes we have to.,27-12-2019
281,https://factcheck.thedispatch.com/p/did-rep-jim-clyburn-call-for-president,Did Rep. Jim Clyburn Call for President Trump’s Hanging?,No.,20-12-2019
282,https://factcheck.thedispatch.com/p/did-the-ig-report-show-that-criticisms,Did the IG Report Show that Criticisms of the FBI’s Russia Investigation Were ‘All Lies’?,Not quite.,11-12-2019
283,https://factcheck.thedispatch.com/p/does-donald-trump-have-a-95-percent,Does Donald Trump Have a 95 Percent Approval Rating with Republican Voters?,It’s unlikely.,06-12-2019
284,https://factcheck.thedispatch.com/p/is-ukraine-the-largest-single-donor,Is Ukraine the 'Largest Single Donor to the Clinton Foundation'?,"In a word, no.",27-11-2019
285,https://factcheck.thedispatch.com/p/coming-soon,Fact checking from The Dispatch,"Welcome to The Dispatch Fact Check. Sign up now so you don’t miss the first issue. In the meantime, tell your friends!",22-11-2019
